var restinga = 
    /* color: #d63000 */
    /* shown: false */
    ee.Geometry({
      "type": "GeometryCollection",
      "geometries": [
        {
          "type": "Polygon",
          "coordinates": [
            [
              [
                -49.71509652659208,
                -29.981748336000535
              ],
              [
                -49.110878872941186,
                -29.65767896296548
              ],
              [
                -47.80358654061317,
                -27.49682835195526
              ],
              [
                -47.6168464151344,
                -25.67947803297374
              ],
              [
                -45.738261269383166,
                -24.42549819211931
              ],
              [
                -41.91515035109426,
                -23.39104058452276
              ],
              [
                -40.47598707326645,
                -21.645608352780645
              ],
              [
                -39.37738296788238,
                -19.78580562847774
              ],
              [
                -38.67426752696853,
                -16.697815702002345
              ],
              [
                -38.58637356027154,
                -14.964512656511282
              ],
              [
                -38.34467501805771,
                -13.729896433210655
              ],
              [
                -37.20210856584854,
                -11.855139896248712
              ],
              [
                -36.21334686507915,
                -10.615976092723534
              ],
              [
                -35.224583559977184,
                -9.599323386929987
              ],
              [
                -34.62033182335309,
                -8.220952609627659
              ],
              [
                -34.52144765349295,
                -7.2193959250650375
              ],
              [
                -34.89313154040159,
                -6.165595572617248
              ],
              [
                -35.03594967741613,
                -5.769502148040092
              ],
              [
                -35.33532048791252,
                -5.1543322284906035
              ],
              [
                -35.56191165919894,
                -5.106458357828308
              ],
              [
                -35.549552589766215,
                -5.174846344175721
              ],
              [
                -35.347682812597895,
                -5.5467458403404954
              ],
              [
                -35.261167042568545,
                -5.6506178260853925
              ],
              [
                -35.20211617937232,
                -5.6683833674731545
              ],
              [
                -35.1677845045588,
                -5.753105050475939
              ],
              [
                -35.262541507134486,
                -5.840544877654374
              ],
              [
                -35.18991442911192,
                -5.993533308716237
              ],
              [
                -35.111638701934346,
                -6.1819781895966495
              ],
              [
                -34.98804426019876,
                -6.261472605588989
              ],
              [
                -34.90564980769981,
                -6.5644332741262685
              ],
              [
                -34.79853661943341,
                -6.89447754284801
              ],
              [
                -34.75322087513685,
                -7.203558062052527
              ],
              [
                -34.75734450576095,
                -7.681516174880935
              ],
              [
                -34.771960333630226,
                -7.943122877113888
              ],
              [
                -34.903797748316485,
                -8.308823573941451
              ],
              [
                -35.06310200944344,
                -8.866908125520206
              ],
              [
                -35.28676067524797,
                -9.241207112459978
              ],
              [
                -35.59163015931926,
                -9.612400031879437
              ],
              [
                -35.770155806144544,
                -9.621876668598869
              ],
              [
                -35.808607855820306,
                -9.68009145310518
              ],
              [
                -35.85667265384348,
                -9.713932458685374
              ],
              [
                -35.89237818941962,
                -9.778897949595518
              ],
              [
                -35.893751957288565,
                -9.854675222855816
              ],
              [
                -35.93220435362827,
                -9.969660752064641
              ],
              [
                -36.16428908568856,
                -10.226538993370932
              ],
              [
                -36.26591154221676,
                -10.273835824695347
              ],
              [
                -36.36992726957931,
                -10.318102005926312
              ],
              [
                -36.47808219637983,
                -10.331257952406721
              ],
              [
                -36.588631226189,
                -10.387995625485138
              ],
              [
                -36.68846988098916,
                -10.597260915986665
              ],
              [
                -36.78295133892829,
                -10.669501835740215
              ],
              [
                -36.82208828828958,
                -10.756532368584475
              ],
              [
                -37.03242022981304,
                -10.966030572554581
              ],
              [
                -37.090444535622666,
                -11.015750503820323
              ],
              [
                -37.15263646217295,
                -11.08501654228045
              ],
              [
                -37.170007068005745,
                -11.094040163977484
              ],
              [
                -37.18246950613913,
                -11.09787779219635
              ],
              [
                -37.188066352132346,
                -11.121928954430974
              ],
              [
                -37.245744844887085,
                -11.206804977531062
              ],
              [
                -37.32608125096826,
                -11.336097255753765
              ],
              [
                -37.328827385910245,
                -11.406102792679945
              ],
              [
                -37.33088630347666,
                -11.434365739465195
              ],
              [
                -37.360412530042936,
                -11.56691733616593
              ],
              [
                -37.47851532603768,
                -11.74041672411608
              ],
              [
                -37.57327129849775,
                -11.97426623537301
              ],
              [
                -37.65013512381009,
                -12.113413275210833
              ],
              [
                -37.69031344559643,
                -12.109306567920596
              ],
              [
                -37.69620413438783,
                -12.100849490982045
              ],
              [
                -37.69660146012701,
                -12.092392378680788
              ],
              [
                -37.70185899335287,
                -12.085549119011592
              ],
              [
                -37.71014189774716,
                -12.080255235608993
              ],
              [
                -37.71572104284583,
                -12.079570915628162
              ],
              [
                -37.72344611069044,
                -12.08659445473401
              ],
              [
                -37.72842548834903,
                -12.097786885817145
              ],
              [
                -37.73392398366008,
                -12.102957190544396
              ],
              [
                -37.73719110302842,
                -12.111316486443599
              ],
              [
                -37.740635749222925,
                -12.121153449731361
              ],
              [
                -37.7435770597775,
                -12.124714990903566
              ],
              [
                -37.75169228458097,
                -12.13838371214515
              ],
              [
                -37.755009267026324,
                -12.155105920094092
              ],
              [
                -37.75356664124785,
                -12.158779899878484
              ],
              [
                -37.75275946673406,
                -12.163889197065924
              ],
              [
                -37.75055342171072,
                -12.166276070907095
              ],
              [
                -37.750566178640256,
                -12.174517247108493
              ],
              [
                -37.75263890846717,
                -12.175542941332866
              ],
              [
                -37.75284338264282,
                -12.17668260468477
              ],
              [
                -37.754454022752405,
                -12.179801044468475
              ],
              [
                -37.75613043207852,
                -12.181507435052831
              ],
              [
                -37.75725172721069,
                -12.185927180719391
              ],
              [
                -37.76309962412278,
                -12.191075361779603
              ],
              [
                -37.768616022209805,
                -12.192646529714192
              ],
              [
                -37.7700359801928,
                -12.19612463271536
              ],
              [
                -37.77321958848313,
                -12.199725223746741
              ],
              [
                -37.77221450376282,
                -12.201012005631387
              ],
              [
                -37.77200614566844,
                -12.201291753198245
              ],
              [
                -37.77226674683581,
                -12.201997896414504
              ],
              [
                -37.77218402559661,
                -12.20232652705804
              ],
              [
                -37.771567969180566,
                -12.202459464275803
              ],
              [
                -37.770916618255676,
                -12.202337175967708
              ],
              [
                -37.77017943794264,
                -12.201963211244383
              ],
              [
                -37.77023886565799,
                -12.202542198226242
              ],
              [
                -37.77021246275181,
                -12.203037293726213
              ],
              [
                -37.77025043287235,
                -12.203364606590146
              ],
              [
                -37.7702025722922,
                -12.203691919454016
              ],
              [
                -37.76981675225654,
                -12.204197502021636
              ],
              [
                -37.76996737452723,
                -12.20457724806736
              ],
              [
                -37.76996821276315,
                -12.20651121093375
              ],
              [
                -37.7667082211451,
                -12.207726036879682
              ],
              [
                -37.76344742219864,
                -12.205984460648464
              ],
              [
                -37.76168811330645,
                -12.20580072284816
              ],
              [
                -37.75769718500404,
                -12.207965882410175
              ],
              [
                -37.746282140758055,
                -12.20541697227807
              ],
              [
                -37.72570500924515,
                -12.252203834901492
              ],
              [
                -37.783960653138216,
                -12.283114671265224
              ],
              [
                -37.81049333025782,
                -12.288261654361563
              ],
              [
                -37.816120944191695,
                -12.289324675475081
              ],
              [
                -37.81856246645528,
                -12.291512230877593
              ],
              [
                -37.821862314066145,
                -12.291016127053117
              ],
              [
                -37.828633628936174,
                -12.288346523748096
              ],
              [
                -37.83427976791021,
                -12.286697158707865
              ],
              [
                -37.84614742203843,
                -12.288934300261163
              ],
              [
                -37.857695339175926,
                -12.292065340694792
              ],
              [
                -37.86362789119938,
                -12.310235099369725
              ],
              [
                -37.86467331365558,
                -12.320914741467979
              ],
              [
                -37.86934018368497,
                -12.330533296380477
              ],
              [
                -37.87009147362694,
                -12.335515330696007
              ],
              [
                -37.87296814855213,
                -12.341454238805404
              ],
              [
                -37.88816501295955,
                -12.352659203694516
              ],
              [
                -37.885260889471176,
                -12.382615509125499
              ],
              [
                -37.88237109249614,
                -12.386021292163742
              ],
              [
                -37.88071423998104,
                -12.407086520018904
              ],
              [
                -37.91924162052628,
                -12.416061398979048
              ],
              [
                -37.919747144482976,
                -12.42226870644589
              ],
              [
                -37.92273249433386,
                -12.423618579624346
              ],
              [
                -37.92329660763973,
                -12.432521224221341
              ],
              [
                -37.92553894119382,
                -12.436622531101836
              ],
              [
                -37.926762073744264,
                -12.436862447087593
              ],
              [
                -37.929293832739695,
                -12.435833414930954
              ],
              [
                -37.93521581604288,
                -12.438049687019044
              ],
              [
                -37.93658906011195,
                -12.447343452577172
              ],
              [
                -37.93719009805243,
                -12.45185009036363
              ],
              [
                -37.9464172255985,
                -12.468741088995186
              ],
              [
                -37.95109472058362,
                -12.473357124906773
              ],
              [
                -37.95444131798833,
                -12.469682936648358
              ],
              [
                -37.95632816314837,
                -12.47205585887281
              ],
              [
                -37.95555303551725,
                -12.474958016694158
              ],
              [
                -37.95451787052401,
                -12.476572165325965
              ],
              [
                -37.957941664130395,
                -12.48859958733673
              ],
              [
                -37.96350223398182,
                -12.49153596277955
              ],
              [
                -37.9678433623526,
                -12.496151476030843
              ],
              [
                -37.9652815895456,
                -12.495829690096038
              ],
              [
                -37.963921616617526,
                -12.497980151505203
              ],
              [
                -37.962819114869404,
                -12.500214404130864
              ],
              [
                -37.963559390610314,
                -12.504291326716482
              ],
              [
                -37.97431082695886,
                -12.508757396570076
              ],
              [
                -37.981394436724145,
                -12.506963002186389
              ],
              [
                -37.98388920825508,
                -12.509742424537496
              ],
              [
                -37.98887933228957,
                -12.511278659482569
              ],
              [
                -37.99405445541706,
                -12.51803776777512
              ],
              [
                -37.993418237654886,
                -12.52183694420434
              ],
              [
                -37.99575152275478,
                -12.526419085741697
              ],
              [
                -37.997156827521216,
                -12.52720426691553
              ],
              [
                -38.00614871739562,
                -12.530449386686563
              ],
              [
                -38.00834075410938,
                -12.53559920744412
              ],
              [
                -38.0075757112029,
                -12.540537226605446
              ],
              [
                -38.0087936320376,
                -12.548067982178324
              ],
              [
                -38.01466439327745,
                -12.552740173889884
              ],
              [
                -38.01439017016737,
                -12.556052930250484
              ],
              [
                -38.01865004376628,
                -12.56200835878735
              ],
              [
                -38.01755709613066,
                -12.564871948641914
              ],
              [
                -38.01312777568504,
                -12.56808415059242
              ],
              [
                -38.01800298038932,
                -12.572162573842997
              ],
              [
                -38.025008912074924,
                -12.582329794752392
              ],
              [
                -38.026318456226484,
                -12.585575044858011
              ],
              [
                -38.030998516719606,
                -12.588714449573207
              ],
              [
                -38.02971701321328,
                -12.598680292312073
              ],
              [
                -38.04104760622575,
                -12.597522743549124
              ],
              [
                -38.06234002303514,
                -12.614620455314483
              ],
              [
                -38.06544470253055,
                -12.62536240951248
              ],
              [
                -38.0798979885511,
                -12.640479146538372
              ],
              [
                -38.09198564930685,
                -12.651950538580007
              ],
              [
                -38.09503223929164,
                -12.660322193650847
              ],
              [
                -38.102842154992636,
                -12.660315358166752
              ],
              [
                -38.1119418465808,
                -12.676714045512297
              ],
              [
                -38.11950098398194,
                -12.689412276845061
              ],
              [
                -38.13427904375337,
                -12.698728855833915
              ],
              [
                -38.12160800548066,
                -12.712676276342577
              ],
              [
                -38.134721269177604,
                -12.720139314992455
              ],
              [
                -38.169856510809446,
                -12.7275256828745
              ],
              [
                -38.18725924295293,
                -12.744972650343803
              ],
              [
                -38.20387851746475,
                -12.779190526025817
              ],
              [
                -38.220297038088475,
                -12.78400174816693
              ],
              [
                -38.23494607169688,
                -12.80366512058126
              ],
              [
                -38.24070811636534,
                -12.813842717588765
              ],
              [
                -38.25162043967651,
                -12.821338321404875
              ],
              [
                -38.27241841014126,
                -12.840678180318532
              ],
              [
                -38.2820879409681,
                -12.852576277638375
              ],
              [
                -38.2979983912765,
                -12.869005921537525
              ],
              [
                -38.2896508791668,
                -12.875090415642697
              ],
              [
                -38.285659886938504,
                -12.88324455963215
              ],
              [
                -38.27664898524178,
                -12.89620884641587
              ],
              [
                -38.32934661032181,
                -12.897980442656905
              ],
              [
                -38.34771406993816,
                -12.908447710817933
              ],
              [
                -38.35629979146629,
                -12.9263688571203
              ],
              [
                -38.36489215199945,
                -12.944808879461677
              ],
              [
                -38.34225337724513,
                -12.974666638204758
              ],
              [
                -38.37252041057616,
                -13.017650814506977
              ],
              [
                -38.52907295611075,
                -13.040394879366705
              ],
              [
                -38.555507100788745,
                -13.031032524772007
              ],
              [
                -38.66193356934792,
                -13.093572140575164
              ],
              [
                -38.76252703769013,
                -13.1357008603567
              ],
              [
                -38.842175682488744,
                -13.120655269874115
              ],
              [
                -38.843548806244,
                -13.131357965596562
              ],
              [
                -38.8462948177099,
                -13.141384850574045
              ],
              [
                -38.865464943484405,
                -13.152384876056669
              ],
              [
                -38.910678845828336,
                -13.194882712712587
              ],
              [
                -38.96749354326448,
                -13.20099560223475
              ],
              [
                -38.97744384708556,
                -13.24734050344669
              ],
              [
                -38.99842251391907,
                -13.296188745692513
              ],
              [
                -38.9912238690609,
                -13.364774163672438
              ],
              [
                -38.96170407873653,
                -13.386357315660652
              ],
              [
                -38.90882881975654,
                -13.356015963138779
              ],
              [
                -38.917619697141305,
                -13.380324379590752
              ],
              [
                -38.918858580179325,
                -13.408640717194336
              ],
              [
                -38.91309599536734,
                -13.411168298389658
              ],
              [
                -38.9125571065159,
                -13.414888008286704
              ],
              [
                -38.91559977815229,
                -13.429675930700531
              ],
              [
                -38.91962631850877,
                -13.452575071818966
              ],
              [
                -38.92699508194026,
                -13.475001769027113
              ],
              [
                -38.93006426024378,
                -13.561266633395844
              ],
              [
                -38.91427545096489,
                -13.576901843204714
              ],
              [
                -38.905350834182464,
                -13.60455051413502
              ],
              [
                -38.93694348376586,
                -13.645164816146744
              ],
              [
                -38.94176527884982,
                -13.662999078935963
              ],
              [
                -38.94797767570667,
                -13.681322104260847
              ],
              [
                -38.96213644419665,
                -13.681413103840425
              ],
              [
                -38.98453496186209,
                -13.681502762152597
              ],
              [
                -38.99637383529535,
                -13.68901979269407
              ],
              [
                -39.02348959473831,
                -13.716058424872488
              ],
              [
                -39.027602030073986,
                -13.749454254726704
              ],
              [
                -39.01660298165591,
                -13.774893762685636
              ],
              [
                -39.00628197640299,
                -13.824444812426771
              ],
              [
                -38.99916680450792,
                -13.84503906815647
              ],
              [
                -38.9573713919857,
                -13.87637829038916
              ],
              [
                -38.94578970174198,
                -13.900381555660369
              ],
              [
                -38.953527629502574,
                -13.927056676836628
              ],
              [
                -38.94703152249162,
                -13.951748603515496
              ],
              [
                -38.936438940479086,
                -13.951479629431638
              ],
              [
                -38.93379333511076,
                -13.977598611663403
              ],
              [
                -38.95047907647638,
                -14.018509553318633
              ],
              [
                -38.95501470142641,
                -14.055029482617455
              ],
              [
                -38.96546467425317,
                -14.082110196186731
              ],
              [
                -38.97263693233913,
                -14.108304224243382
              ],
              [
                -38.97845927277135,
                -14.129814477929886
              ],
              [
                -39.015087645290265,
                -14.160692156707967
              ],
              [
                -39.03615348628972,
                -14.218484802150153
              ],
              [
                -39.033928992621334,
                -14.25925023045668
              ],
              [
                -39.0176154722673,
                -14.24111329815531
              ],
              [
                -38.986030972277,
                -14.258573554055817
              ],
              [
                -39.061903899272274,
                -14.41922900571965
              ],
              [
                -39.07392050580702,
                -14.53922930478703
              ],
              [
                -39.06612459681437,
                -14.58083282127026
              ],
              [
                -39.0260479314337,
                -14.61711763343086
              ],
              [
                -38.99736131805206,
                -14.768744177710346
              ],
              [
                -39.008346943015425,
                -14.873622484591973
              ],
              [
                -38.992554012157974,
                -14.973475742174744
              ],
              [
                -38.99095930220611,
                -15.048262141164066
              ],
              [
                -38.994948085161,
                -15.090313376450032
              ],
              [
                -39.00037532216597,
                -15.107862469330179
              ],
              [
                -39.00034299448742,
                -15.158064730230212
              ],
              [
                -39.00135662892818,
                -15.180514470271982
              ],
              [
                -39.00152007002567,
                -15.192733156929007
              ],
              [
                -38.99756349485685,
                -15.197000000323253
              ],
              [
                -38.983284397873454,
                -15.264473099966724
              ],
              [
                -38.99263916591913,
                -15.306861165843221
              ],
              [
                -39.000279078713476,
                -15.306198373000337
              ],
              [
                -38.998390674184854,
                -15.347918193845343
              ],
              [
                -39.0001091296381,
                -15.366127229975072
              ],
              [
                -38.99993983240741,
                -15.386315480194982
              ],
              [
                -38.99290181877254,
                -15.420406167466247
              ],
              [
                -38.99049660837467,
                -15.459460568807984
              ],
              [
                -39.00834928309721,
                -15.524305468507352
              ],
              [
                -39.004446843152984,
                -15.556470552636128
              ],
              [
                -38.98955581809982,
                -15.574082195577468
              ],
              [
                -38.97831174393068,
                -15.574908898594675
              ],
              [
                -38.97161450298554,
                -15.587146014417167
              ],
              [
                -38.99461689397472,
                -15.619551102825147
              ],
              [
                -38.99187044160234,
                -15.648645115866676
              ],
              [
                -38.98637810562869,
                -15.660876975387522
              ],
              [
                -38.97642151431558,
                -15.670132521052151
              ],
              [
                -38.96011265091538,
                -15.663356184161797
              ],
              [
                -38.952988934321894,
                -15.660628861287785
              ],
              [
                -38.94517952613534,
                -15.640380325019864
              ],
              [
                -38.94311837757434,
                -15.6302966465303
              ],
              [
                -38.91222111069046,
                -15.603680096739984
              ],
              [
                -38.89505463016684,
                -15.690294979891402
              ],
              [
                -38.853271520370036,
                -15.828797264401253
              ],
              [
                -38.888370229720636,
                -15.868845378437648
              ],
              [
                -38.89883032163671,
                -15.898088678524616
              ],
              [
                -38.95067894319454,
                -15.893791304083845
              ],
              [
                -38.953419840161764,
                -15.940676950613014
              ],
              [
                -38.94549395561495,
                -15.962815190756931
              ],
              [
                -38.93893906451418,
                -16.00409768942728
              ],
              [
                -38.93406692925199,
                -16.032534628090218
              ],
              [
                -38.94492413562935,
                -16.054432389884454
              ],
              [
                -38.94535197222201,
                -16.085035695663322
              ],
              [
                -38.95307692631082,
                -16.098079222857812
              ],
              [
                -38.96187250030185,
                -16.128934598791226
              ],
              [
                -38.95727937455956,
                -16.150224978101022
              ],
              [
                -38.96457361932581,
                -16.167742693434086
              ],
              [
                -38.979165489901135,
                -16.182993853873125
              ],
              [
                -38.98431885924567,
                -16.191735379050193
              ],
              [
                -38.995771146656914,
                -16.214716325057655
              ],
              [
                -39.01065961365824,
                -16.237037133073247
              ],
              [
                -39.01572036483614,
                -16.261900716176818
              ],
              [
                -38.995628683267334,
                -16.276026677899345
              ],
              [
                -38.969870876570056,
                -16.320441459848066
              ],
              [
                -39.02041926793614,
                -16.324629765139047
              ],
              [
                -39.031153016220514,
                -16.382843792758973
              ],
              [
                -38.99081825323426,
                -16.40440106465449
              ],
              [
                -39.011098221424845,
                -16.50153202345073
              ],
              [
                -39.06634225073928,
                -16.61305420419415
              ],
              [
                -39.093051300857276,
                -16.646669128477072
              ],
              [
                -39.11770605606019,
                -16.655281662528466
              ],
              [
                -39.12032743211273,
                -16.67250762305245
              ],
              [
                -39.11184004748562,
                -16.704331593443808
              ],
              [
                -39.10310727412752,
                -16.75154206047216
              ],
              [
                -39.15117160589972,
                -16.850140154942768
              ],
              [
                -39.14825500533912,
                -16.906474407491476
              ],
              [
                -39.15040066771141,
                -16.914277232344006
              ],
              [
                -39.15130190002561,
                -16.9181790632212
              ],
              [
                -39.15415578037803,
                -16.920951338174525
              ],
              [
                -39.166912485625545,
                -16.929892007946496
              ],
              [
                -39.16728305975987,
                -16.93682614843395
              ],
              [
                -39.1820593419901,
                -16.941442870756234
              ],
              [
                -39.18498450415603,
                -16.956888239814077
              ],
              [
                -39.19520099772958,
                -16.955415878869918
              ],
              [
                -39.19979441467861,
                -16.96174076669352
              ],
              [
                -39.19436590223234,
                -16.97032169500973
              ],
              [
                -39.19165105170926,
                -16.976089222048852
              ],
              [
                -39.1835148784945,
                -16.98020337877787
              ],
              [
                -39.1749831805907,
                -16.990797120252736
              ],
              [
                -39.14997044811267,
                -16.99744942146922
              ],
              [
                -39.186877500712114,
                -17.355462981787753
              ],
              [
                -39.21743266957891,
                -17.426229084516034
              ],
              [
                -39.227515063505564,
                -17.491980551297207
              ],
              [
                -39.233824327782955,
                -17.51712910992407
              ],
              [
                -39.231336556935744,
                -17.528138372512572
              ],
              [
                -39.22498582282913,
                -17.530514596364068
              ],
              [
                -39.22120940243406,
                -17.549021793950036
              ],
              [
                -39.22944901591915,
                -17.57717053253022
              ],
              [
                -39.22625895584498,
                -17.670444162185163
              ],
              [
                -39.22923287819423,
                -17.710387640272863
              ],
              [
                -39.24136196553969,
                -17.736639777123028
              ],
              [
                -39.24845578115865,
                -17.757103118610004
              ],
              [
                -39.257153176995594,
                -17.78299919387763
              ],
              [
                -39.26219038430759,
                -17.809956282821663
              ],
              [
                -39.270896758286135,
                -17.817456810560724
              ],
              [
                -39.28351171679765,
                -17.838353576783664
              ],
              [
                -39.29158204608515,
                -17.850086002318847
              ],
              [
                -39.287807873528095,
                -17.85590794511616
              ],
              [
                -39.287813133022226,
                -17.874100389071145
              ],
              [
                -39.35407289928726,
                -17.908405049864104
              ],
              [
                -39.44470795505405,
                -17.926698060960394
              ],
              [
                -39.48384584188008,
                -17.947275554398882
              ],
              [
                -39.50924082808601,
                -17.981720056572442
              ],
              [
                -39.529495206867665,
                -18.0145348188698
              ],
              [
                -39.55628537947816,
                -18.05534989430358
              ],
              [
                -39.53706041028027,
                -18.08341629540131
              ],
              [
                -39.549419196486426,
                -18.115398842839646
              ],
              [
                -39.58924443971928,
                -18.572916148014052
              ],
              [
                -39.7162750078772,
                -18.68386294949943
              ],
              [
                -39.759547167426106,
                -18.688300017855664
              ],
              [
                -39.76987246443252,
                -18.754518169689923
              ],
              [
                -39.7627084446079,
                -18.826118125051625
              ],
              [
                -39.7559339557954,
                -18.83996048978725
              ],
              [
                -39.75062644821698,
                -18.86764769766901
              ],
              [
                -39.74963867475928,
                -18.888572950146067
              ],
              [
                -39.75453682987171,
                -18.910935004144154
              ],
              [
                -39.734121247416795,
                -18.940079181262334
              ],
              [
                -39.73930527636559,
                -18.978891390221303
              ],
              [
                -39.733882972033385,
                -19.00197787693597
              ],
              [
                -39.73471665192826,
                -19.02543821066324
              ],
              [
                -39.726080849155636,
                -19.036013325560425
              ],
              [
                -39.73884920195581,
                -19.050265556660445
              ],
              [
                -39.756409907442894,
                -19.02056336713216
              ],
              [
                -39.76045501623212,
                -19.001774726557237
              ],
              [
                -39.75149086525832,
                -18.99854937443443
              ],
              [
                -39.76655745508599,
                -18.938836569029853
              ],
              [
                -39.75741987360085,
                -18.92831009035193
              ],
              [
                -39.76956744622596,
                -18.906092391396133
              ],
              [
                -39.75802570374971,
                -18.883224236770083
              ],
              [
                -39.7694847913332,
                -18.868477598291328
              ],
              [
                -39.78682803824713,
                -18.821188820883943
              ],
              [
                -39.773866480369286,
                -18.80664707381941
              ],
              [
                -39.77665645121545,
                -18.796452863422076
              ],
              [
                -39.78800690161264,
                -18.79655670051735
              ],
              [
                -39.7947108787144,
                -18.771256109891457
              ],
              [
                -39.788449225095164,
                -18.728696639007776
              ],
              [
                -39.79797965565918,
                -18.72775190682588
              ],
              [
                -39.81857865481039,
                -18.840861697002964
              ],
              [
                -39.82341265578856,
                -18.880266329890592
              ],
              [
                -39.83305613858303,
                -18.912524063044312
              ],
              [
                -39.86403548655052,
                -19.008216499898893
              ],
              [
                -39.86394809847694,
                -19.054053995981064
              ],
              [
                -39.87107185988828,
                -19.073603772667088
              ],
              [
                -39.869613466375185,
                -19.085042858884183
              ],
              [
                -39.874335027890844,
                -19.103619601416312
              ],
              [
                -39.87094422508026,
                -19.115093770261165
              ],
              [
                -39.87682317345565,
                -19.127540899969272
              ],
              [
                -39.876221852656535,
                -19.14010914566949
              ],
              [
                -39.882573042140436,
                -19.149677311809516
              ],
              [
                -39.89321735826128,
                -19.156489457334846
              ],
              [
                -39.93441516477838,
                -19.275789701915173
              ],
              [
                -39.8935609034764,
                -19.338646823823474
              ],
              [
                -39.87536530026693,
                -19.358730089591102
              ],
              [
                -39.82867466922016,
                -19.387231148272086
              ],
              [
                -39.821808439113255,
                -19.41961260367946
              ],
              [
                -39.82730151717991,
                -19.4623462262293
              ],
              [
                -39.815285566058854,
                -19.48273786753777
              ],
              [
                -39.80550371104321,
                -19.485812982980132
              ],
              [
                -39.80507514641109,
                -19.49317567350889
              ],
              [
                -39.836788654988496,
                -19.52921673458081
              ],
              [
                -39.825177841806855,
                -19.538825048965826
              ],
              [
                -39.79091037997827,
                -19.542926757537572
              ],
              [
                -39.78095470876433,
                -19.542766343444455
              ],
              [
                -39.76344529780129,
                -19.550044422242934
              ],
              [
                -39.81700238116439,
                -19.660510431806205
              ],
              [
                -39.83382667041867,
                -19.642394621641415
              ],
              [
                -39.842407485193675,
                -19.58484052947004
              ],
              [
                -39.85991646393429,
                -19.572225401052766
              ],
              [
                -40.0099446539927,
                -19.68831154876452
              ],
              [
                -40.033971465151474,
                -19.739211789762674
              ],
              [
                -40.04822420139678,
                -19.767163409178384
              ],
              [
                -40.055863020789374,
                -19.77378549119716
              ],
              [
                -40.05509050119345,
                -19.794946178917513
              ],
              [
                -40.03054363740269,
                -19.8446846344793
              ],
              [
                -40.15825651422145,
                -20.12860424171856
              ],
              [
                -40.18596560989391,
                -20.158583515280224
              ],
              [
                -40.217116577048984,
                -20.175021726671243
              ],
              [
                -40.26056394855671,
                -20.19982608696769
              ],
              [
                -40.27189335679901,
                -20.294201294840786
              ],
              [
                -40.39033645596696,
                -20.328329654338237
              ],
              [
                -40.402695764191186,
                -20.386266320836064
              ],
              [
                -40.4548794232354,
                -20.491783780098903
              ],
              [
                -40.50294331147535,
                -20.60494127635042
              ],
              [
                -40.63752207232012,
                -20.705169752494818
              ],
              [
                -40.76660778474193,
                -20.807899400664684
              ],
              [
                -40.82428436282895,
                -20.897730470828265
              ],
              [
                -40.84762964449302,
                -20.899013385022744
              ],
              [
                -40.91354569893703,
                -21.055446172453596
              ],
              [
                -41.02752552107141,
                -21.19763167551257
              ],
              [
                -41.03027197218842,
                -21.325609629992357
              ],
              [
                -41.044004448053315,
                -21.406178517217928
              ],
              [
                -41.14974470144069,
                -21.509701867597343
              ],
              [
                -41.23763268770951,
                -21.583784463281912
              ],
              [
                -41.421648028699664,
                -21.805804526527794
              ],
              [
                -41.52876130874628,
                -21.995652033238795
              ],
              [
                -41.52179193087012,
                -22.104731236298463
              ],
              [
                -41.96397762852655,
                -22.43514350359799
              ],
              [
                -42.00242839278145,
                -22.540456279895377
              ],
              [
                -42.03950594578478,
                -22.620338909696166
              ],
              [
                -42.03538581328449,
                -22.8192092091163
              ],
              [
                -42.16309785096444,
                -22.826803828533155
              ],
              [
                -42.47345190518011,
                -22.814146893746344
              ],
              [
                -42.86757391386919,
                -22.858444195387776
              ],
              [
                -42.914264811741006,
                -22.715378663889084
              ],
              [
                -42.97880773164157,
                -22.6393538733969
              ],
              [
                -43.205393771193926,
                -22.620341734259004
              ],
              [
                -43.289161616260806,
                -22.698911306955768
              ],
              [
                -43.32349195110723,
                -22.92043617571693
              ],
              [
                -43.54458478991239,
                -22.9305551676135
              ],
              [
                -43.67641686321643,
                -22.864773707085597
              ],
              [
                -43.810886743861914,
                -22.855916531225994
              ],
              [
                -44.04296550643326,
                -22.88122366341214
              ],
              [
                -44.317615223590465,
                -22.853387832861763
              ],
              [
                -44.63346177470547,
                -22.93182460859536
              ],
              [
                -44.75705315635975,
                -23.080979674619144
              ],
              [
                -44.914975481466264,
                -23.25772891145928
              ],
              [
                -45.03994045735683,
                -23.33466826488479
              ],
              [
                -45.17177148318464,
                -23.43424466321762
              ],
              [
                -45.34754623192391,
                -23.55137157006188
              ],
              [
                -45.84191403702608,
                -23.669653993372396
              ],
              [
                -46.12617551153897,
                -23.730012646188943
              ],
              [
                -46.328286330742095,
                -23.81427433403311
              ],
              [
                -46.36694058094984,
                -23.85381947924146
              ],
              [
                -46.39823623423819,
                -23.852401572452397
              ],
              [
                -46.419923995269464,
                -23.87860864943241
              ],
              [
                -46.4482003260561,
                -23.889573873107725
              ],
              [
                -46.48115801936266,
                -23.91280056916553
              ],
              [
                -46.558746389399765,
                -23.914684193042525
              ],
              [
                -46.68783111181184,
                -23.956105172714288
              ],
              [
                -46.97621130413942,
                -24.10159932972615
              ],
              [
                -47.24673873851611,
                -24.29074437601349
              ],
              [
                -47.629873370716204,
                -24.359570940078
              ],
              [
                -47.7987817262291,
                -24.42960859247416
              ],
              [
                -47.83311218085714,
                -24.489608935539817
              ],
              [
                -47.856456421904525,
                -24.5720624601777
              ],
              [
                -47.89353323963041,
                -24.641980664478996
              ],
              [
                -48.066559244857665,
                -24.88389467749784
              ],
              [
                -48.39404922012257,
                -25.100559912379733
              ],
              [
                -48.738731939853196,
                -25.209947730215834
              ],
              [
                -48.88703956432092,
                -25.414779853919555
              ],
              [
                -48.88566431567444,
                -25.569723336300463
              ],
              [
                -48.847421776126595,
                -25.894502625263335
              ],
              [
                -48.916081243177345,
                -26.09446292141766
              ],
              [
                -48.984740367943004,
                -26.31624061962837
              ],
              [
                -48.97264232071639,
                -26.406643027698674
              ],
              [
                -48.9094705407974,
                -26.611861989232914
              ],
              [
                -48.87925724840771,
                -26.764002566772014
              ],
              [
                -48.81334128650818,
                -26.798328133285988
              ],
              [
                -48.811966840188326,
                -26.89022225960103
              ],
              [
                -48.79686057861986,
                -26.93797754704455
              ],
              [
                -48.680132818011025,
                -27.123906906397394
              ],
              [
                -48.68425131224735,
                -27.217977782110196
              ],
              [
                -48.68699723349409,
                -27.260711048262692
              ],
              [
                -48.76527063489714,
                -27.352227769810792
              ],
              [
                -48.78998645996599,
                -27.538685989029855
              ],
              [
                -48.752906426033725,
                -27.73576731161804
              ],
              [
                -48.74603803247764,
                -27.902157442766192
              ],
              [
                -48.82568349786164,
                -28.073139752689208
              ],
              [
                -48.94973667613479,
                -28.32286452912053
              ],
              [
                -49.06508719925134,
                -28.418321474313068
              ],
              [
                -49.15159908461669,
                -28.55953548894227
              ],
              [
                -49.407020194770446,
                -28.611389618158185
              ],
              [
                -49.58416697886817,
                -28.65357728834412
              ],
              [
                -49.718741781532465,
                -28.80530661122922
              ],
              [
                -49.893138990581235,
                -29.043291912758484
              ],
              [
                -49.938454242909486,
                -29.13929209889476
              ],
              [
                -49.98788748670619,
                -29.34299419959561
              ],
              [
                -50.096369699936155,
                -29.5486799166204
              ],
              [
                -50.12795351821561,
                -29.583318536449053
              ],
              [
                -50.149923100955306,
                -29.71698239266716
              ],
              [
                -50.06752576099047,
                -29.92547467147987
              ]
            ]
          ],
          "geodesic": true,
          "evenOdd": true
        },
        {
          "type": "Polygon",
          "coordinates": [
            [
              [
                -59.09360579830717,
                -0.8221435272084644
              ],
              [
                -59.53305892330717,
                -30.172065947430667
              ],
              [
                -58.56626204830717,
                -31.455244551806224
              ]
            ]
          ],
          "evenOdd": true
        },
        {
          "type": "Polygon",
          "coordinates": [
            [
              [
                -58.46271823363201,
                -31.526559901846667
              ],
              [
                -59.60529635863201,
                -30.358166443958165
              ],
              [
                -59.38556979613201,
                -31.301536504755635
              ]
            ]
          ],
          "geodesic": true,
          "evenOdd": true
        },
        {
          "type": "Polygon",
          "coordinates": [
            [
              [
                -33.91218191015052,
                -3.461044640225996
              ],
              [
                -33.91218191015052,
                -4.250263602266017
              ],
              [
                -33.58259206640052,
                -3.8338225022822936
              ]
            ]
          ],
          "geodesic": true,
          "evenOdd": true
        }
      ],
      "coordinates": []
    }),
    ad_restinga = 
    /* color: #98ff00 */
    /* shown: false */
    ee.FeatureCollection(
        [ee.Feature(
            ee.Geometry.Polygon(
                [[[-35.49649056307591, -5.21445988935762],
                  [-35.473144615810284, -5.195655002992955],
                  [-35.51348503939427, -5.16419830315595]]]),
            {
              "reference": 1,
              "system:index": "0"
            }),
        ee.Feature(
            ee.Geometry.Polygon(
                [[[-35.44719305360807, -5.407409165371939],
                  [-35.39191809022916, -5.381432196880555],
                  [-35.37973013246549, -5.369639653932355],
                  [-35.389343169574865, -5.348959426650499],
                  [-35.4243620904733, -5.316143087261625],
                  [-35.50263967836393, -5.33870450912317]]]),
            {
              "reference": 1,
              "system:index": "1"
            }),
        ee.Feature(
            ee.Geometry.Polygon(
                [[[-35.38126936898177, -5.394801079601863],
                  [-35.39620390877669, -5.408131211262348],
                  [-35.422811422204425, -5.425220694057791],
                  [-35.43814025106816, -5.44651245270162],
                  [-35.44363341513066, -5.461938719342766],
                  [-35.44140181723027, -5.464501943469184],
                  [-35.409644462493944, -5.459375484251702],
                  [-35.377372123626756, -5.453052790846104],
                  [-35.354197837738084, -5.426906892864239]]]),
            {
              "reference": 1,
              "system:index": "2"
            }),
        ee.Feature(
            ee.Geometry.Polygon(
                [[[-35.44260280254336, -5.4593757206749665],
                  [-35.39316460279704, -5.589573334840344],
                  [-35.266135927423335, -5.609049247318816],
                  [-35.353865733788226, -5.423149170801679],
                  [-35.381841564232616, -5.4529713699722695]]]),
            {
              "reference": 1,
              "system:index": "3"
            }),
        ee.Feature(
            ee.Geometry.Polygon(
                [[[-35.270012118042956, -5.67406029903261],
                  [-35.294044710816394, -5.695924883747593],
                  [-35.25662253064061, -5.709589826801529],
                  [-35.24975607556249, -5.702586584142605]]]),
            {
              "reference": 1,
              "system:index": "4"
            }),
        ee.Feature(
            ee.Geometry.Polygon(
                [[[-35.2040568416001, -5.916939419385086],
                  [-35.221394640672365, -5.926671903031614],
                  [-35.23049269365088, -5.943233805092327],
                  [-35.22019301103369, -5.961161075465564],
                  [-35.20337019609229, -5.979087760144846],
                  [-35.19478712724463, -5.9739659101023905],
                  [-35.176419359910646, -5.975161012732661],
                  [-35.1630297725083, -5.976526841115269],
                  [-35.15564833329932, -5.9749902839452105],
                  [-35.15393171952979, -5.971404967111264],
                  [-35.15633497880713, -5.96542938691168],
                  [-35.16114149736182, -5.95569758836849],
                  [-35.164231402146974, -5.950404783413804],
                  [-35.17058287309424, -5.929574540380879],
                  [-35.17350111650244, -5.916597925617789],
                  [-35.19375715898291, -5.9148904536175895]]]),
            {
              "reference": 1,
              "system:index": "5"
            }),
        ee.Feature(
            ee.Geometry.Polygon(
                [[[-35.15588650483301, -6.278326066874559],
                  [-35.11176717905201, -6.330368198414304],
                  [-35.10575903085865, -6.332927412544618],
                  [-35.08979452280201, -6.330368198414304],
                  [-35.05580557016529, -6.289760307324323],
                  [-35.06473196176685, -6.253244620340126],
                  [-35.10781896738209, -6.207681754497846],
                  [-35.14867437509693, -6.215531818446623],
                  [-35.15914571909107, -6.226965397651359]]]),
            {
              "reference": 1,
              "system:index": "6"
            }),
        ee.Feature(
            ee.Geometry.Polygon(
                [[[-34.992753053240435, -6.607640426184736],
                  [-34.97867683732319, -6.6265678833184305],
                  [-34.96863469073605, -6.660967953767201],
                  [-34.96275526399852, -6.670473372887691],
                  [-34.95286325076355, -6.678230865150264],
                  [-34.960738245211765, -6.643619024587676],
                  [-34.963938821589146, -6.6262874328861425],
                  [-34.97380933880238, -6.613669201520638],
                  [-34.97380933880162, -6.6072747044603055],
                  [-34.97578344225241, -6.60352322770191],
                  [-34.99372203450844, -6.596446500988334]]]),
            {
              "reference": 1,
              "system:index": "7"
            }),
        ee.Feature(
            ee.Geometry.Polygon(
                [[[-37.4856958733623, -11.590082906600443],
                  [-37.47702697382617, -11.610345596891534],
                  [-37.467413936716795, -11.58680374379907],
                  [-37.46895888910937, -11.57738644699247],
                  [-37.481661831003905, -11.581254303711512]]]),
            {
              "reference": 1,
              "system:index": "8"
            }),
        ee.Feature(
            ee.Geometry.Polygon(
                [[[-37.47823299375205, -11.632116509649777],
                  [-37.4870306393209, -11.628711737632328],
                  [-37.492395057350684, -11.635815474019976],
                  [-37.490893020302344, -11.641489926045795],
                  [-37.492352142006446, -11.647164262290733],
                  [-37.491150512367774, -11.650358652478774],
                  [-37.47698844876914, -11.632915153845888]]]),
            {
              "reference": 1,
              "system:index": "9"
            }),
        ee.Feature(
            ee.Geometry.Polygon(
                [[[-37.490799029497225, -11.642189738067007],
                  [-37.50118454280289, -11.640214206208421],
                  [-37.505304415849764, -11.644795737348721],
                  [-37.5093813735524, -11.646308887012854],
                  [-37.511012156633456, -11.647527807141325],
                  [-37.51122673335465, -11.649965631361608],
                  [-37.50869472804459, -11.652949835345494],
                  [-37.50693519893082, -11.658413787726117],
                  [-37.505304415849764, -11.66551676508527],
                  [-37.494790156511385, -11.670434104458751],
                  [-37.488824923662264, -11.661523989528604],
                  [-37.491828997758944, -11.646729204902316]]]),
            {
              "reference": 1,
              "system:index": "10"
            }),
        ee.Feature(
            ee.Geometry.Polygon(
                [[[-37.50659187617691, -11.668879057840225],
                  [-37.50762184443863, -11.684134949118379],
                  [-37.509252627519686, -11.687707143919312],
                  [-37.51283991383932, -11.696287773502359],
                  [-37.51455652760885, -11.702591338868102],
                  [-37.514985681051236, -11.704608449450275],
                  [-37.507260919088345, -11.705743067687708],
                  [-37.49172556447409, -11.67191263720178],
                  [-37.50567305135153, -11.666869237935513]]]),
            {
              "reference": 1,
              "system:index": "11"
            }),
        ee.Feature(
            ee.Geometry.Polygon(
                [[[-37.51923557673465, -11.71468441449329],
                  [-37.50730511103641, -11.686780762501893],
                  [-37.51082416926395, -11.686780762501893],
                  [-37.5164889947034, -11.687032916531694],
                  [-37.51957889948856, -11.687789377243792],
                  [-37.524385418043245, -11.699556277761197],
                  [-37.534856762037386, -11.702245784777919]]]),
            {
              "reference": 1,
              "system:index": "12"
            }),
        ee.Feature(
            ee.Geometry.Polygon(
                [[[-37.55974766169559, -11.765273604722594],
                  [-37.54901882563602, -11.763509021887128],
                  [-37.53648754511844, -11.747963398560975],
                  [-37.556314434156526, -11.75913952997104]]]),
            {
              "reference": 1,
              "system:index": "13"
            }),
        ee.Feature(
            ee.Geometry.Polygon(
                [[[-37.56292339716922, -11.76334096578873],
                  [-37.54120823298465, -11.758803412334736],
                  [-37.5300502434827, -11.749223887200246],
                  [-37.525415386304964, -11.741997007427655],
                  [-37.52567287837039, -11.735022048435937],
                  [-37.52627369318973, -11.730736142764762],
                  [-37.53082271967899, -11.72922345427907],
                  [-37.53923412714969, -11.728551145623785],
                  [-37.54893299494754, -11.731492483897824],
                  [-37.55991932307254, -11.73233286050288],
                  [-37.57596966181766, -11.754601907252873]]]),
            {
              "reference": 1,
              "system:index": "14"
            }),
        ee.Feature(
            ee.Geometry.Polygon(
                [[[-37.61538344028644, -11.818661235070625],
                  [-37.62224989536457, -11.827230237308987],
                  [-37.629288011819646, -11.829750481021499],
                  [-37.65211897495441, -11.840335251007547],
                  [-37.65967207554035, -11.841511311263568],
                  [-37.66568022373371, -11.846215501669585],
                  [-37.669285112649725, -11.854447639927553],
                  [-37.6624186575716, -11.878302637821198],
                  [-37.660530382425115, -11.886197846215579],
                  [-37.65264550842921, -11.900870848881015],
                  [-37.648525635382335, -11.907589632310662],
                  [-37.64165918030421, -11.914140286196774],
                  [-37.62861291565577, -11.913804359071456],
                  [-37.608528534552256, -11.904230261357405],
                  [-37.59050408997218, -11.893647971500723],
                  [-37.58192102112452, -11.883737199765225],
                  [-37.57299462952296, -11.839386280974873]]]),
            {
              "reference": 1,
              "system:index": "15"
            }),
        ee.Feature(
            ee.Geometry.Polygon(
                [[[-37.63050943400695, -11.966596650240378],
                  [-37.62802034404113, -11.959459490970069],
                  [-37.62681871440246, -11.954253444246104],
                  [-37.62604623820617, -11.952322143377932],
                  [-37.6233854868634, -11.948375529187514],
                  [-37.62510210063293, -11.945688439798557],
                  [-37.62690454509094, -11.948627442450586],
                  [-37.63102441813781, -11.951566413199831],
                  [-37.63754755046203, -11.946024327430369],
                  [-37.63857751872375, -11.941993648355933],
                  [-37.643727360032344, -11.943925022897075],
                  [-37.64286905314758, -11.94728390233919],
                  [-37.647418079636836, -11.947619787992036],
                  [-37.648963032029414, -11.948963326436742],
                  [-37.64312654521301, -11.95181832349365],
                  [-37.64501482035949, -11.955093135976862],
                  [-37.642182407639766, -11.957612195534642],
                  [-37.63634592082336, -11.963154043992297]]]),
            {
              "reference": 1,
              "system:index": "16"
            }),
        ee.Feature(
            ee.Geometry.Polygon(
                [[[-37.657202778123164, -12.016323938942582],
                  [-37.65256792094543, -12.022116426219439],
                  [-37.63844777302057, -11.99970074027857],
                  [-37.62759119059875, -11.978963601634463],
                  [-37.63153940226867, -11.977452288096366],
                  [-37.63488679911926, -11.97787209826087],
                  [-37.63832002665832, -11.980810751139044],
                  [-37.64183908488586, -11.98274184847323],
                  [-37.64286905314758, -11.986184205111636],
                  [-37.645958957932734, -11.992481085331374],
                  [-37.65574365641906, -11.989626517842128],
                  [-37.65960603740051, -11.990717973684148],
                  [-37.66758829142883, -11.993572529623401],
                  [-37.67582803752258, -11.999197595539192],
                  [-37.67780214335754, -12.001548334582488],
                  [-37.67780214335754, -12.00364719140294],
                  [-37.67548471476867, -12.004486729553987],
                  [-37.677887974046016, -12.00910414262336],
                  [-37.680377064011836, -12.014141230239694],
                  [-37.68398195292785, -12.017918984109802],
                  [-37.68423944499328, -12.022536166829118],
                  [-37.68149286296203, -12.02597801512495],
                  [-37.67376810099914, -12.026985377026273],
                  [-37.66973405864074, -12.026397749709059],
                  [-37.66209512736633, -12.026817483638082],
                  [-37.6578035929425, -12.0258101211079],
                  [-37.65677362468078, -12.024299070238357],
                  [-37.655657825730586, -12.021948529792203],
                  [-37.65711694743469, -12.018926376187144],
                  [-37.659949360154414, -12.02052140593067]]]),
            {
              "reference": 1,
              "system:index": "17"
            }),
        ee.Feature(
            ee.Geometry.Polygon(
                [[[-37.71994501139953, -12.088763015932523],
                  [-37.689904270432734, -12.099337651119972],
                  [-37.650422153733516, -12.0258101211079],
                  [-37.68303781535461, -12.01825478188789]]]),
            {
              "reference": 1,
              "system:index": "18"
            }),
        ee.Feature(
            ee.Geometry.Polygon(
                [[[-37.885052594034896, -12.238766168540666],
                  [-37.793213757364974, -12.259232092195951],
                  [-37.74000172148408, -12.183474836747376],
                  [-37.7194023562497, -12.131117635398134],
                  [-37.72300724516572, -12.108124201598908],
                  [-37.73622517119111, -12.101410416715332],
                  [-37.75390730378473, -12.089744073115268],
                  [-37.7686701822027, -12.095283199574054],
                  [-37.781056461594844, -12.11075107357202],
                  [-37.782773075364375, -12.13793990783052],
                  [-37.80783563639953, -12.177878963563238],
                  [-37.81865030314758, -12.193483770053597],
                  [-37.835988102219844, -12.20824876286965],
                  [-37.87083536174133, -12.206906524797002],
                  [-37.88199335124328, -12.217644238851578],
                  [-37.88508325602844, -12.237440756614665]]]),
            {
              "reference": 1,
              "system:index": "19"
            }),
        ee.Feature(
            ee.Geometry.Polygon(
                [[[-38.92217585904287, -12.828239728566224],
                  [-38.962001298496, -13.046403803122644],
                  [-38.983973954746, -13.159425626310131],
                  [-39.0114397750585, -13.204218695617415],
                  [-38.90844294888662, -13.20689264911043],
                  [-38.86381099087881, -13.166111679572134],
                  [-38.79239985806631, -13.03570082738392],
                  [-38.760814164706936, -12.92663794387794],
                  [-38.79445979458975, -12.83895161029388],
                  [-38.86381099087881, -12.845646304626772],
                  [-38.84939143521475, -12.83493470811219],
                  [-38.86381099087881, -12.820875045310949],
                  [-38.86106440884756, -12.801458029794158],
                  [-38.86999080044912, -12.781369888525226],
                  [-38.88303706509756, -12.769316236647708]]]),
            {
              "reference": 1,
              "system:index": "20"
            }),
        ee.Feature(
            ee.Geometry.Polygon(
                [[[-39.10122938333897, -13.571286545950002],
                  [-39.13556165872959, -13.70941321675178],
                  [-39.08852866814915, -13.742104123021587],
                  [-39.023638440956155, -13.728090800868596],
                  [-38.974199964393655, -13.593312148408613],
                  [-39.04698438822178, -13.561941733243334]]]),
            {
              "reference": 1,
              "system:index": "21"
            }),
        ee.Feature(
            ee.Geometry.Polygon(
                [[[-39.183826312677304, -15.602251180602584],
                  [-39.14125429119293, -15.61547763404257],
                  [-38.96478639568512, -15.583071308731714],
                  [-38.99568544353668, -15.323637460997144],
                  [-39.076709613458554, -15.334895139483637],
                  [-39.21815858806793, -15.563228177544723]]]),
            {
              "reference": 1,
              "system:index": "22"
            }),
        ee.Feature(
            ee.Geometry.Polygon(
                [[[-39.13376691818571, -15.931088439561274],
                  [-39.17771223068571, -16.07497624520597],
                  [-39.19281843185758, -16.20029821425067],
                  [-39.01013381395738, -16.264492492695727],
                  [-39.009356485908114, -16.31546377245793],
                  [-39.05308607101774, -16.447080853003698],
                  [-39.070424883835535, -16.516921353642317],
                  [-39.25461652756071, -16.443175186231926],
                  [-39.29169538498258, -16.541276134314717],
                  [-39.082954681318455, -16.58652226781353],
                  [-39.10097959518766, -16.674110161254045],
                  [-39.15250966762336, -16.67072492535356],
                  [-39.177255414997475, -16.64825646913218],
                  [-39.27341786397785, -16.616117426102434],
                  [-39.299591808322425, -16.657089512277082],
                  [-39.29718854904508, -16.846451126568578],
                  [-39.31092145920133, -16.930551187541948],
                  [-39.28757551193571, -16.98834820148985],
                  [-39.25324323654508, -17.029058135955925],
                  [-39.23504736173587, -17.058638420989478],
                  [-39.238480589274936, -17.096379705759944],
                  [-39.25427343595462, -17.114755303687073],
                  [-39.27109625089603, -17.123286214606917],
                  [-39.28139593351322, -17.129192000641517],
                  [-39.27315618741947, -17.17183932598138],
                  [-39.26731970060306, -17.194799209667377],
                  [-39.27281286466556, -17.218683074028014],
                  [-39.29238226163822, -17.234423316182635],
                  [-39.31160833585697, -17.24360450476474],
                  [-39.31710149991947, -17.256063958868424],
                  [-39.29959203947025, -17.29048702089502],
                  [-39.30371191251712, -17.320642889890053],
                  [-39.26435061744175, -17.34811167602242],
                  [-39.25576754859409, -17.34811167602242],
                  [-39.22143527320347, -17.326154109830455],
                  [-39.15414401343784, -17.332381149157587],
                  [-39.15448733619175, -17.103940646138728],
                  [-39.139381135019875, -17.008249597140193],
                  [-39.10195895484409, -16.886659551341918],
                  [-39.09047916542241, -16.739651976518577],
                  [-39.052064087502224, -16.495688391646418],
                  [-39.01944842588113, -16.39678949827058],
                  [-39.001595642678005, -16.38229713027352],
                  [-39.000565674416286, -16.295979380427845],
                  [-38.99799153071779, -16.247990401776114],
                  [-38.97807881099123, -16.220301185480107],
                  [-38.95782276851076, -16.194256584114434],
                  [-38.94477650386232, -16.169197772883596],
                  [-38.93859669429201, -16.141167706140426],
                  [-38.94649311763185, -16.117091656817735],
                  [-38.93104359370607, -16.0550741335997],
                  [-38.91010090571779, -16.003268093714972],
                  [-38.89705464106935, -15.979835469561452],
                  [-38.88469502192873, -15.947157229619208],
                  [-38.92040058833498, -15.91513398982721],
                  [-38.975675551713884, -15.883105645690975],
                  [-39.00245472651857, -15.86230100162882],
                  [-39.01206776362795, -15.833897546377715],
                  [-39.0206508324756, -15.830264258054504],
                  [-39.05292317134279, -15.859658988401998],
                  [-39.0865688012256, -15.908530624950476],
                  [-39.11540791255373, -15.924378336079275]]]),
            {
              "reference": 1,
              "system:index": "23"
            }),
        ee.Feature(
            ee.Geometry.Polygon(
                [[[-39.24441033198137, -17.503926692631946],
                  [-39.243552025096605, -17.506934890920014],
                  [-39.245826538341234, -17.50939052605907],
                  [-39.24539738489885, -17.511252693903668],
                  [-39.24241476847429, -17.511314083727274],
                  [-39.243294533031175, -17.500365903753888],
                  [-39.2452257235219, -17.50030451023027]]]),
            {
              "reference": 1,
              "system:index": "24"
            }),
        ee.Feature(
            ee.Geometry.Polygon(
                [[[-39.26867895914812, -17.505625205271148],
                  [-39.27086764170427, -17.505441029969468],
                  [-39.271768863933275, -17.505338710276746],
                  [-39.27290612055559, -17.508633375431447],
                  [-39.26741295649309, -17.510761574567788],
                  [-39.26640444590349, -17.510495551039625],
                  [-39.26584654642839, -17.509677014662625]]]),
            {
              "reference": 1,
              "system:index": "25"
            }),
        ee.Feature(
            ee.Geometry.Polygon(
                [[[-39.35623130884415, -17.50055494403852],
                  [-39.442748642828526, -17.48942192425758],
                  [-39.49356041040665, -17.505138930434025],
                  [-39.613036728766026, -17.509067969569315],
                  [-39.67689476099259, -17.53787832503061],
                  [-39.68032798853165, -17.609884172801937],
                  [-39.7325130471254, -17.638678478368334],
                  [-39.6556087502504, -17.703448835705565],
                  [-39.6336360940004, -17.725033766504612],
                  [-39.577331162359776, -17.76296461832701],
                  [-39.53201255884415, -17.789772955449454],
                  [-39.51209983911759, -17.804156258177144],
                  [-39.72135505762345, -17.88259020490149],
                  [-39.67260322656876, -17.957886876694012],
                  [-39.569020537885145, -18.09434727421836],
                  [-39.45229080155702, -17.879808503228965],
                  [-39.25247695878358, -17.658140320082328],
                  [-39.27444961503358, -17.57568053787155],
                  [-39.32045486405702, -17.552113685807534]]]),
            {
              "reference": 1,
              "system:index": "26"
            }),
        ee.Feature(
            ee.Geometry.Polygon(
                [[[-39.600972974973544, -18.096958191731417],
                  [-39.611959303098544, -18.100547887729473],
                  [-39.6095560438212, -18.11017443677137],
                  [-39.670224851718494, -18.23079641363352],
                  [-39.63657922183568, -18.247100116168863],
                  [-39.602935128086095, -18.182970915939144],
                  [-39.55744486319352, -18.106954701834667],
                  [-39.57564096915055, -18.089495673354897]]]),
            {
              "reference": 1,
              "system:index": "27"
            }),
        ee.Feature(
            ee.Geometry.Polygon(
                [[[-39.660741642043504, -18.29853962816808],
                  [-39.66752226643315, -18.30709592243384],
                  [-39.65705092243901, -18.31320730238892],
                  [-39.65336020283452, -18.30098432679869],
                  [-39.65310271076909, -18.298213665744292],
                  [-39.65198821964678, -18.293075399942985],
                  [-39.65823240223345, -18.292382707217882]]]),
            {
              "reference": 1,
              "system:index": "28"
            }),
        ee.Feature(
            ee.Geometry.Polygon(
                [[[-39.668401390009606, -18.347348593188524],
                  [-39.732087760859216, -18.31687704658388],
                  [-39.757321983271325, -18.34897793637011],
                  [-39.691404014521325, -18.394267520745096]]]),
            {
              "reference": 1,
              "system:index": "29"
            }),
        ee.Feature(
            ee.Geometry.Polygon(
                [[[-40.05441463316405, -19.693916437303443],
                  [-40.044544103989246, -19.70114878112701],
                  [-40.03063953245604, -19.696219509629532],
                  [-40.0247601302954, -19.680501392648996],
                  [-40.03424442137206, -19.67258114002407]]]),
            {
              "reference": 1,
              "system:index": "30"
            }),
        ee.Feature(
            ee.Geometry.Polygon(
                [[[-41.01863745439408, -21.204465851062796],
                  [-41.006792819384316, -21.19918446473724],
                  [-41.011599337939, -21.191822217235163],
                  [-41.02241400468705, -21.189421405043667],
                  [-41.0280788301265, -21.200144730842446]]]),
            {
              "reference": 1,
              "system:index": "31"
            }),
        ee.Feature(
            ee.Geometry.Polygon(
                [[[-41.07526401669737, -21.271175629042883],
                  [-40.96385578305479, -21.33003161075434],
                  [-40.96042255551573, -21.300926435601564],
                  [-41.00213627011534, -21.231978559854124],
                  [-41.05277637631651, -21.235178711439758],
                  [-41.07320408017393, -21.264136923797267]]]),
            {
              "reference": 1,
              "system:index": "32"
            })]),
    convert22to29 = 
    /* color: #00fff2 */
    /* shown: false */
    ee.FeatureCollection(
        [ee.Feature(
            ee.Geometry.Polygon(
                [[[-43.47152025048954, -20.05805980087855],
                  [-43.475640123536415, -20.0604785225149],
                  [-43.47975999658329, -20.064187156607144],
                  [-43.47975999658329, -20.06902437366087],
                  [-43.486111467530556, -20.069830561999165],
                  [-43.49126130883915, -20.065799578866805],
                  [-43.50774080102665, -20.061284754775016],
                  [-43.52490693872196, -20.068056942184565],
                  [-43.53486329858524, -20.0719266322827],
                  [-43.554341933130345, -20.09941943720631],
                  [-43.556573531030736, -20.11521690740305],
                  [-43.54764713942917, -20.123920954328142],
                  [-43.53717579543503, -20.126338659167686],
                  [-43.54781880080613, -20.127305730635495],
                  [-43.55588688552292, -20.131335130691557],
                  [-43.56515659987839, -20.131335130691557],
                  [-43.5709930866948, -20.1276280864621],
                  [-43.57442631423386, -20.129884558636626],
                  [-43.574597975610814, -20.1385877890214],
                  [-43.57871784865769, -20.144711993889366],
                  [-43.58285768364541, -20.147569058020455],
                  [-43.58783586357705, -20.152564850641276],
                  [-43.5825143608915, -20.162072530415934],
                  [-43.57427461479775, -20.169001491435885],
                  [-43.56878145073525, -20.17286868469313],
                  [-43.56328828667275, -20.178669294774938],
                  [-43.55264528130166, -20.18511416397469],
                  [-43.52792604302041, -20.193814314640438],
                  [-43.52329118584267, -20.18608087137047],
                  [-43.53084428642861, -20.18076390649262],
                  [-43.53427751396767, -20.173996597997323],
                  [-43.52294786308877, -20.173029815664606],
                  [-43.532217577444236, -20.164931648621916],
                  [-43.525522783743064, -20.15993625179382],
                  [-43.52380616997353, -20.154134945133],
                  [-43.52569444512002, -20.148172266406227],
                  [-43.52569444512002, -20.144143300533628],
                  [-43.51419313286416, -20.13866374016716],
                  [-43.50234849785439, -20.135118039872303],
                  [-43.49119050835244, -20.13431218767575],
                  [-43.480547502981345, -20.136890900076914],
                  [-43.47436769341103, -20.140597724596233],
                  [-43.4697328362333, -20.144465621628196],
                  [-43.458574846731345, -20.148333422879187],
                  [-43.45222337578408, -20.151556517411326],
                  [-43.44621522759072, -20.148978047107907],
                  [-43.440378740774314, -20.151556517411326],
                  [-43.426645830618064, -20.137535571527998],
                  [-43.42527253960244, -20.125769898944245],
                  [-43.429392412649314, -20.120612064667657],
                  [-43.43316896294228, -20.120128508982212],
                  [-43.43025071953408, -20.114970488649675],
                  [-43.432825640188376, -20.107877933006783],
                  [-43.42218263481728, -20.098528163995383],
                  [-43.42544420097939, -20.09030635405651],
                  [-43.44278200005166, -20.067573222374836],
                  [-43.448618486868064, -20.072571569514917],
                  [-43.45102174614541, -20.069830560165425],
                  [-43.45153673027627, -20.063380937428345],
                  [-43.459089830862204, -20.057576050243547],
                  [-43.45823152397744, -20.06450964055121],
                  [-43.46441133354775, -20.057414800311783]]]),
            {
              "reference": 100,
              "system:index": "0"
            }),
        ee.Feature(
            ee.Geometry.Polygon(
                [[[-41.279396808869045, -16.062375379985774],
                  [-41.278109348541896, -16.061880499678164],
                  [-41.27596358132998, -16.059323598484404],
                  [-41.275362766510646, -16.056106805165488],
                  [-41.27527693582217, -16.05354982980671],
                  [-41.27604941201846, -16.050910336929036],
                  [-41.27948263955752, -16.050662882678033],
                  [-41.28497580362002, -16.054622113793975],
                  [-41.28669241738955, -16.057261557466102],
                  [-41.286349094635646, -16.058498784640484],
                  [-41.28197172952334, -16.05907615469012],
                  [-41.279654300934475, -16.06171553930216]]]),
            {
              "reference": 100,
              "system:index": "1"
            }),
        ee.Feature(
            ee.Geometry.Polygon(
                [[[-41.27999762368838, -16.065179678481115],
                  [-41.28059843850772, -16.067241637452902],
                  [-41.28205756021182, -16.068643757346056],
                  [-41.28231505227725, -16.07285005772281],
                  [-41.281113422638576, -16.072767582099907],
                  [-41.278881824738185, -16.073262435324136],
                  [-41.27725104165713, -16.07441708805833],
                  [-41.276478564926826, -16.074953175442307],
                  [-41.27596358132998, -16.0740871879613],
                  [-41.27596358132998, -16.070788156889147],
                  [-41.27896765542666, -16.066746769248727],
                  [-41.278881824738185, -16.064354888908735]]]),
            {
              "reference": 100,
              "system:index": "2"
            }),
        ee.Feature(
            ee.Geometry.Polygon(
                [[[-41.3114654466662, -16.03324064838394],
                  [-41.310521309092955, -16.036292829530787],
                  [-41.30786055775018, -16.036457810964226],
                  [-41.30837554188104, -16.039015005720604],
                  [-41.30545729847284, -16.040087367950925],
                  [-41.30245322437616, -16.041159724410893],
                  [-41.30022162647577, -16.042314563375744],
                  [-41.297560875132994, -16.040417324399368],
                  [-41.29773253650995, -16.03571539343848],
                  [-41.30786055775018, -16.024413807556552],
                  [-41.31240958423944, -16.031425815820832]]]),
            {
              "reference": 100,
              "system:index": "3"
            }),
        ee.Feature(
            ee.Geometry.Polygon(
                [[[-41.299363319591, -16.04190212165661],
                  [-41.30099410267206, -16.04338690785011],
                  [-41.29987830372186, -16.046026500428937],
                  [-41.298762504771666, -16.04767622803033],
                  [-41.296788398936705, -16.04775871405175],
                  [-41.29687422962518, -16.045696553269178],
                  [-41.298075859263854, -16.04140719046679]]]),
            {
              "reference": 100,
              "system:index": "4"
            }),
        ee.Feature(
            ee.Geometry.Polygon(
                [[[-41.300049965098815, -16.051388065174958],
                  [-41.298762504771666, -16.05246036080369],
                  [-41.29747504444452, -16.052625328849448],
                  [-41.296702568248215, -16.050851906547496],
                  [-41.29747504444452, -16.04891351476487],
                  [-41.299792473033385, -16.04800617191105]]]),
            {
              "reference": 100,
              "system:index": "5"
            }),
        ee.Feature(
            ee.Geometry.Polygon(
                [[[-41.31867522449823, -16.038190107770973],
                  [-41.31867522449823, -16.04124221313034],
                  [-41.31635779590936, -16.042397051617126],
                  [-41.31266707630487, -16.042479539824363],
                  [-41.31258124561639, -16.041489679083796],
                  [-41.31258124561639, -16.03942745341511],
                  [-41.313525383189635, -16.036457810964226],
                  [-41.31335372181268, -16.034478024751195],
                  [-41.31343955250116, -16.032333234167204],
                  [-41.31318206043573, -16.03051839334506],
                  [-41.31464118213983, -16.030683379556873],
                  [-41.315241996959166, -16.032168249320467],
                  [-41.319533531382994, -16.035055464427682]]]),
            {
              "reference": 100,
              "system:index": "6"
            }),
        ee.Feature(
            ee.Geometry.Polygon(
                [[[-41.29284018726678, -16.065904808092135],
                  [-41.289578621104674, -16.063182999447765],
                  [-41.29421347828241, -16.053862584836196],
                  [-41.29824752064081, -16.057326860695774]]]),
            {
              "reference": 100,
              "system:index": "7"
            }),
        ee.Feature(
            ee.Geometry.Polygon(
                [[[-41.282283012584166, -16.04800617191105],
                  [-41.27824897022577, -16.05039824870056],
                  [-41.27498740406366, -16.049078485748748],
                  [-41.2730132982287, -16.04594401369024],
                  [-41.27490157337518, -16.037200225724874],
                  [-41.27816313953729, -16.037860147635172],
                  [-41.28314131946893, -16.04429427174369]]]),
            {
              "reference": 100,
              "system:index": "8"
            }),
        ee.Feature(
            ee.Geometry.Polygon(
                [[[-41.30073661060663, -16.025458919444212],
                  [-41.29661673755975, -16.02842872571359],
                  [-41.29361266346307, -16.034285714015382],
                  [-41.291552726939635, -16.0373378791618],
                  [-41.288291160777526, -16.035275610534534],
                  [-41.292325203135924, -16.0210041271403],
                  [-41.30322570057245, -16.0210041271403]]]),
            {
              "reference": 100,
              "system:index": "9"
            }),
        ee.Feature(
            ee.Geometry.Polygon(
                [[[-41.31507033558221, -16.057464500224768],
                  [-41.313267891124205, -16.061671036951314],
                  [-41.30760306568475, -16.064887740336953],
                  [-41.30399817676874, -16.063485593972295],
                  [-41.30588645191522, -16.05606230156061],
                  [-41.30760306568475, -16.052350551543242],
                  [-41.310263817027526, -16.051113286161495]]]),
            {
              "reference": 100,
              "system:index": "10"
            }),
        ee.Feature(
            ee.Geometry.Polygon(
                [[[-41.325026695445494, -16.04038999757236],
                  [-41.32863158436151, -16.04814381788295],
                  [-41.32519835682245, -16.049133645561753],
                  [-41.322280113414244, -16.04797884612491],
                  [-41.320735161021666, -16.043854507770636],
                  [-41.31884688587518, -16.039235147454395],
                  [-41.320735161021666, -16.036760446096796]]]),
            {
              "reference": 100,
              "system:index": "11"
            }),
        ee.Feature(
            ee.Geometry.Polygon(
                [[[-41.30923384876581, -16.07668187441873],
                  [-41.301509086802916, -16.076516926317552],
                  [-41.30236739368768, -16.072723082221408],
                  [-41.30923384876581, -16.069918890064184],
                  [-41.31489867420526, -16.072063275859236]]]),
            {
              "reference": 100,
              "system:index": "12"
            }),
        ee.Feature(
            ee.Geometry.Polygon(
                [[[-41.300307457164244, -16.07156841965102],
                  [-41.29824752064081, -16.077176717901185],
                  [-41.294299308970885, -16.078331347903458],
                  [-41.294299308970885, -16.07552723483655],
                  [-41.296015922740416, -16.071733371857245],
                  [-41.299792473033385, -16.069753936353056]]]),
            {
              "reference": 100,
              "system:index": "13"
            }),
        ee.Feature(
            ee.Geometry.Polygon(
                [[[-41.26065367908807, -16.086743449753218],
                  [-41.25550383777948, -16.08822790134849],
                  [-41.238337700084166, -16.084764163706456],
                  [-41.24177092762323, -16.07915607951341],
                  [-41.246577446177916, -16.070083843638493],
                  [-41.25378722400995, -16.07107356221147],
                  [-41.26340026111932, -16.0842693391141]]]),
            {
              "reference": 100,
              "system:index": "14"
            }),
        ee.Feature(
            ee.Geometry.Polygon(
                [[[-41.25773543567987, -16.111647779994055],
                  [-41.250868980601744, -16.114616299627944],
                  [-41.24331588001581, -16.11329696305367],
                  [-41.237136070445494, -16.11115302240228],
                  [-41.23696440906854, -16.106205378617805],
                  [-41.23971099109979, -16.102577028098587],
                  [-41.25464553089471, -16.099443399268452],
                  [-41.2594520494494, -16.10224717476196],
                  [-41.26151198597284, -16.105545683457827],
                  [-41.26013869495721, -16.11115302240228]]]),
            {
              "reference": 100,
              "system:index": "15"
            }),
        ee.Feature(
            ee.Geometry.Polygon(
                [[[-41.25052565784784, -16.097959031504068],
                  [-41.24374503345819, -16.097794101067375],
                  [-41.235591118052916, -16.093670795623666],
                  [-41.24580496998163, -16.09020715288739],
                  [-41.25129813404413, -16.090866899017843],
                  [-41.254817192271666, -16.093505861625008]]]),
            {
              "reference": 100,
              "system:index": "16"
            }),
        ee.Feature(
            ee.Geometry.Polygon(
                [[[-41.23644942493768, -16.113214504226374],
                  [-41.233445350841, -16.118244429948344],
                  [-41.22323149891229, -16.118244429948344],
                  [-41.2195407793078, -16.11577071193048],
                  [-41.217909996226744, -16.107029994483522],
                  [-41.22220153065057, -16.106452763737366],
                  [-41.22949713917108, -16.1082669118562]]]),
            {
              "reference": 100,
              "system:index": "17"
            }),
        ee.Feature(
            ee.Geometry.Polygon(
                [[[-41.25644797535272, -16.118491800052734],
                  [-41.25696295948358, -16.120305838054062],
                  [-41.25514373254913, -16.124956173154516],
                  [-41.24896392297882, -16.126687698771647],
                  [-41.242011637212215, -16.128171851544124],
                  [-41.23789176416534, -16.127017511459528],
                  [-41.235059351445614, -16.124956173154516],
                  [-41.23591765833038, -16.123142177710257],
                  [-41.23866424036163, -16.12165798727083],
                  [-41.25591620874542, -16.118194833030476]]]),
            {
              "reference": 100,
              "system:index": "18"
            }),
        ee.Feature(
            ee.Geometry.Polygon(
                [[[-41.43666639606476, -16.20930412607913],
                  [-41.43331899921417, -16.220512761164937],
                  [-41.425250914497376, -16.220924831183197],
                  [-41.423791792793274, -16.217381000852296],
                  [-41.42694520550057, -16.208432135645534],
                  [-41.437845702937096, -16.2056298648582]]]),
            {
              "reference": 100,
              "system:index": "19"
            }),
        ee.Feature(
            ee.Geometry.Polygon(
                [[[-41.40774145404816, -16.207738163065713],
                  [-41.40774145404816, -16.21037556728805],
                  [-41.40696897785187, -16.213095353426322],
                  [-41.40447988788605, -16.213012936216103],
                  [-41.40533819477081, -16.207903001863514]]]),
            {
              "reference": 100,
              "system:index": "20"
            }),
        ee.Feature(
            ee.Geometry.Polygon(
                [[[-41.42842664997101, -16.196528801487485],
                  [-41.429284956855774, -16.19883666331169],
                  [-41.42756834308624, -16.203122620765054],
                  [-41.424735930366516, -16.205347985007336],
                  [-41.42233267108917, -16.20576008674014],
                  [-41.42138853351593, -16.203287463422154],
                  [-41.42121687213898, -16.19735304095313]]]),
            {
              "reference": 100,
              "system:index": "21"
            }),
        ee.Feature(
            ee.Geometry.Polygon(
                [[[-41.38276510136346, -16.11104830502635],
                  [-41.3767569531701, -16.114511584080486],
                  [-41.36388234989862, -16.10774988780509],
                  [-41.36062078373651, -16.101317816510836],
                  [-41.36525564091424, -16.0965348591398],
                  [-41.37504033940057, -16.09455567066068],
                  [-41.381391810347836, -16.09851402789025],
                  [-41.38654165165643, -16.104121565526555]]]),
            {
              "reference": 100,
              "system:index": "22"
            }),
        ee.Feature(
            ee.Geometry.Polygon(
                [[[-41.3547842969201, -16.11236765655853],
                  [-41.354955958297055, -16.118304629841163],
                  [-41.35238103764276, -16.119294108106416],
                  [-41.34911947148065, -16.116490573529646],
                  [-41.34774618046502, -16.11302732903366],
                  [-41.349462794234555, -16.11137814373211]]]),
            {
              "reference": 100,
              "system:index": "23"
            }),
        ee.Feature(
            ee.Geometry.Polygon(
                [[[-41.38534002201776, -16.118304629841163],
                  [-41.37984685795526, -16.11780988885672],
                  [-41.37847356693963, -16.11484141702682],
                  [-41.38602666752557, -16.11236765655853]]]),
            {
              "reference": 100,
              "system:index": "24"
            }),
        ee.Feature(
            ee.Geometry.Polygon(
                [[[-41.44013335062614, -16.084087951919223],
                  [-41.39292647196403, -16.086397124915543],
                  [-41.344174640909344, -16.082933355357955],
                  [-41.33181502176872, -16.0857373639407],
                  [-41.33130003763786, -16.0783149020355],
                  [-41.33009840799919, -16.07023235053955],
                  [-41.334389942423016, -16.055221026426228],
                  [-41.34074141337028, -16.04581775228321],
                  [-41.33696486307731, -16.03839380124923],
                  [-41.34829451395622, -16.04284820506169],
                  [-41.357392566934735, -16.040703504543718],
                  [-41.359109180704266, -16.03575410756636],
                  [-41.367348926798016, -16.034764213423188],
                  [-41.37301375223747, -16.030639601589034],
                  [-41.370095508829266, -16.02568995477413],
                  [-41.374387043253094, -16.017605267528317],
                  [-41.37867857767692, -16.00490009735722],
                  [-41.39241148783317, -16.002094950856865],
                  [-41.40013624979606, -15.999619788882868],
                  [-41.415478354050485, -16.023991459874697],
                  [-41.42526305253681, -16.031382148731936],
                  [-41.42938292558369, -16.047385106178425],
                  [-41.43384612138447, -16.067510711798413]]]),
            {
              "reference": 100,
              "system:index": "25"
            }),
        ee.Feature(
            ee.Geometry.Polygon(
                [[[-41.34582476845477, -16.00825961734837],
                  [-41.33681254616473, -16.00066925768121],
                  [-41.344193985373714, -15.996378926829143],
                  [-41.34874301186297, -16.00660956369566]]]),
            {
              "reference": 100,
              "system:index": "26"
            }),
        ee.Feature(
            ee.Geometry.Polygon(
                [[[-41.344451477439144, -16.011559683752466],
                  [-41.339902450949886, -16.008094612596576],
                  [-41.34385066261981, -16.00528951095833],
                  [-41.34797053566668, -16.009249642996053]]]),
            {
              "reference": 100,
              "system:index": "27"
            }),
        ee.Feature(
            ee.Geometry.Polygon(
                [[[-41.34745555153582, -16.020139601114746],
                  [-41.342649032981136, -16.015437192080245],
                  [-41.346168091208675, -16.012054689008956],
                  [-41.352691223532894, -16.016097185996834]]]),
            {
              "reference": 100,
              "system:index": "28"
            }),
        ee.Feature(
            ee.Geometry.Polygon(
                [[[-41.323165466696956, -16.01271469410853],
                  [-41.32059054604266, -16.005124503752754],
                  [-41.33131938210223, -16.00042174109744],
                  [-41.334151794821956, -16.007187084024814]]]),
            {
              "reference": 100,
              "system:index": "29"
            }),
        ee.Feature(
            ee.Geometry.Polygon(
                [[[-41.337155868918636, -16.015354692687225],
                  [-41.3325210117409, -16.009497148641078],
                  [-41.334924271018245, -16.006857072612636],
                  [-41.34007411232684, -16.013044695840122]]]),
            {
              "reference": 100,
              "system:index": "30"
            }),
        ee.Feature(
            ee.Geometry.Polygon(
                [[[-41.36855531562415, -16.030868052109895],
                  [-41.36537958015052, -16.034167744622742],
                  [-41.3617746912345, -16.033507810488835],
                  [-41.3577406488761, -16.024763477023548],
                  [-41.36349130500403, -16.02080365275118],
                  [-41.36958528388587, -16.024433494669374]]]),
            {
              "reference": 100,
              "system:index": "31"
            }),
        ee.Feature(
            ee.Geometry.Polygon(
                [[[-41.336454638133915, -16.036312515470897],
                  [-41.33078981269446, -16.038209793523684],
                  [-41.32761407722083, -16.03491016791224],
                  [-41.33465219367591, -16.027898282163154],
                  [-41.3412611566886, -16.034167744622742]]]),
            {
              "reference": 100,
              "system:index": "32"
            }),
        ee.Feature(
            ee.Geometry.Polygon(
                [[[-41.32057596076575, -16.017668736136798],
                  [-41.32255006660071, -16.021381132019034],
                  [-41.32014680732337, -16.022701078355258],
                  [-41.31791520942298, -16.023278552131476],
                  [-41.31654191840735, -16.021051144070622]]]),
            {
              "reference": 100,
              "system:index": "33"
            }),
        ee.Feature(
            ee.Geometry.Polygon(
                [[[-41.336197146068486, -16.01601876024469],
                  [-41.32529664863196, -16.015441265460108],
                  [-41.325210817943486, -16.01271876754394],
                  [-41.328729876171025, -16.01148125621774],
                  [-41.33327890266028, -16.01181125998806]]]),
            {
              "reference": 100,
              "system:index": "34"
            }),
        ee.Feature(
            ee.Geometry.Polygon(
                [[[-41.30383593058683, -16.05534493659817],
                  [-41.30229097819425, -16.057489479460923],
                  [-41.29722696757413, -16.05596355710252],
                  [-41.298428597212805, -16.053612788959924]]]),
            {
              "reference": 100,
              "system:index": "35"
            }),
        ee.Feature(
            ee.Geometry.Polygon(
                [[[-41.248505259529374, -15.980425161067792],
                  [-41.25065102674129, -15.985375929670363],
                  [-41.23966469861629, -15.992348054293792],
                  [-41.2363173017657, -15.99090414311926],
                  [-41.23382821179988, -15.985623464884013],
                  [-41.23837723828914, -15.976340684742539]]]),
            {
              "reference": 100,
              "system:index": "36"
            }),
        ee.Feature(
            ee.Geometry.Polygon(
                [[[-41.255929614082596, -15.988717629203892],
                  [-41.25253930188777, -15.99304937881576],
                  [-41.247990275398514, -15.99337941303356],
                  [-41.24713196851375, -15.99086288836103],
                  [-41.250436450020096, -15.987768757235315]]]),
            {
              "reference": 100,
              "system:index": "37"
            }),
        ee.Feature(
            ee.Geometry.Polygon(
                [[[-41.263677167970954, -15.995616675183697],
                  [-41.2614884854148, -15.997019298830558],
                  [-41.25955729492408, -15.998174393265971],
                  [-41.25723986633521, -15.998710684841496],
                  [-41.25535159118873, -15.99557542139802],
                  [-41.25402121551734, -15.993223941539545],
                  [-41.25681071289283, -15.99140874518734],
                  [-41.260887670595466, -15.992110073004488]]]),
            {
              "reference": 100,
              "system:index": "38"
            }),
        ee.Feature(
            ee.Geometry.Polygon(
                [[[-41.24245279806726, -15.995264009302904],
                  [-41.24144428747766, -15.996212845697753],
                  [-41.239148316560915, -15.995965323594236],
                  [-41.23827928084009, -15.99558372641738],
                  [-41.23634809034937, -15.995759054940464],
                  [-41.23522156256311, -15.995893129589618],
                  [-41.23522156256311, -15.995274322766187],
                  [-41.23779648321741, -15.994459557526831],
                  [-41.239116130052736, -15.993954195139926],
                  [-41.24094003218286, -15.993892313943524]]]),
            {
              "reference": 100,
              "system:index": "39"
            }),
        ee.Feature(
            ee.Geometry.Polygon(
                [[[-41.25547592608193, -16.010222838150657],
                  [-41.24848072497109, -16.012244115422458],
                  [-41.24440376726845, -16.011996613182447],
                  [-41.24285881487587, -16.0083665450815],
                  [-41.24315922228554, -16.00217877690965],
                  [-41.24466125933388, -15.999208580107611],
                  [-41.253587650935444, -15.996815889464939],
                  [-41.25560467211464, -15.997764718492288],
                  [-41.254574703852924, -16.0009824529527],
                  [-41.25586216418007, -16.008531549608616]]]),
            {
              "reference": 100,
              "system:index": "40"
            }),
        ee.Feature(
            ee.Geometry.Polygon(
                [[[-41.241972280713355, -16.005025174076128],
                  [-41.23965485212449, -16.013069120673244],
                  [-41.235706640454566, -16.015007869592655],
                  [-41.230985952588355, -16.00461265526069],
                  [-41.240255666943824, -15.99974486890762]]]),
            {
              "reference": 100,
              "system:index": "41"
            }),
        ee.Feature(
            ee.Geometry.Polygon(
                [[[-41.230751175322844, -16.007155098711703],
                  [-41.23066534463437, -16.013177712152935],
                  [-41.22701754037411, -16.011672075822762],
                  [-41.226202148833586, -16.00907327955556],
                  [-41.22959246102841, -16.00688696443789]]]),
            {
              "reference": 100,
              "system:index": "42"
            }),
        ee.Feature(
            ee.Geometry.Polygon(
                [[[-41.223755974212004, -16.010826439479917],
                  [-41.22637381021054, -16.01847828667859],
                  [-41.22167458001645, -16.01934451504775],
                  [-41.21884216729672, -16.01361083830925]]]),
            {
              "reference": 100,
              "system:index": "43"
            }),
        ee.Feature(
            ee.Geometry.Polygon(
                [[[-41.2216484289974, -16.020016042472832],
                  [-41.21982452686727, -16.026430118698315],
                  [-41.215468619427085, -16.027048828971733],
                  [-41.2141382437557, -16.021604112706243],
                  [-41.216241095623374, -16.018036093052498]]]),
            {
              "reference": 100,
              "system:index": "44"
            }),
        ee.Feature(
            ee.Geometry.Polygon(
                [[[-41.212610124779644, -16.023756717474736],
                  [-41.211108087653884, -16.026066590446675],
                  [-41.20756757157173, -16.024519803468504],
                  [-41.20694529904823, -16.022003671029193],
                  [-41.20967042354779, -16.021653059891747]]]),
            {
              "reference": 100,
              "system:index": "45"
            }),
        ee.Feature(
            ee.Geometry.Polygon(
                [[[-41.224906874062285, -16.05941331490462],
                  [-41.22123761212991, -16.055083006046736],
                  [-41.225915384651884, -16.051824902051596],
                  [-41.22947735822366, -16.055990316655656]]]),
            {
              "reference": 100,
              "system:index": "46"
            }),
        ee.Feature(
            ee.Geometry.Polygon(
                [[[-41.22842195062505, -16.061630304357635],
                  [-41.22391583948003, -16.06544497970353],
                  [-41.222242141054735, -16.06358920083217],
                  [-41.225997233675585, -16.06035185625973]]]),
            {
              "reference": 100,
              "system:index": "47"
            }),
        ee.Feature(
            ee.Geometry.Polygon(
                [[[-41.194083706186845, -16.0492425546782],
                  [-41.1906719363199, -16.052397595847793],
                  [-41.189126973078984, -16.05131498713989],
                  [-41.18796826963289, -16.049201311979022],
                  [-41.191058174418046, -16.04672673439977]]]),
            {
              "reference": 100,
              "system:index": "48"
            }),
        ee.Feature(
            ee.Geometry.Polygon(
                [[[-41.19585770914356, -16.053978696644908],
                  [-41.19658726999561, -16.05698931900678],
                  [-41.19467753717701, -16.05733986796634],
                  [-41.19308966944019, -16.054741666892763],
                  [-41.193990891669195, -16.05371062532319]]]),
            {
              "reference": 100,
              "system:index": "49"
            }),
        ee.Feature(
            ee.Geometry.Polygon(
                [[[-41.20514426377269, -16.05218467400211],
                  [-41.20613131669017, -16.05437049254278],
                  [-41.20411429551097, -16.055277806398845],
                  [-41.202440597085676, -16.053958075786813],
                  [-41.2033632769868, -16.05251461041377]]]),
            {
              "reference": 100,
              "system:index": "50"
            }),
        ee.Feature(
            ee.Geometry.Polygon(
                [[[-41.453506267826306, -16.316730773808075],
                  [-41.45264796094154, -16.320355183535494],
                  [-41.4476697810099, -16.318542987062347],
                  [-41.44947222546791, -16.31491854377432]]]),
            {
              "reference": 100,
              "system:index": "51"
            }),
        ee.Feature(
            ee.Geometry.Polygon(
                [[[-41.437019524400334, -16.334487637372263],
                  [-41.43770616990815, -16.33632027748601],
                  [-41.43562477571259, -16.33712333908821],
                  [-41.43455189210663, -16.334899468107878]]]),
            {
              "reference": 100,
              "system:index": "52"
            }),
        ee.Feature(
            ee.Geometry.Polygon(
                [[[-41.43784990348311, -16.336487826156155],
                  [-41.43883695640059, -16.337640938230688],
                  [-41.43692722358199, -16.33913379643684],
                  [-41.43598308600875, -16.337507095213866]]]),
            {
              "reference": 100,
              "system:index": "53"
            }),
        ee.Feature(
            ee.Geometry.Polygon(
                [[[-41.43257204258011, -16.34041120619532],
                  [-41.43021169864701, -16.338269737280758],
                  [-41.43441740238236, -16.335345770681773],
                  [-41.43656316959427, -16.340081750966547]]]),
            {
              "reference": 100,
              "system:index": "54"
            }),
        ee.Feature(
            ee.Geometry.Polygon(
                [[[-41.458691535970985, -16.34808125888811],
                  [-41.46015065767509, -16.35302282663727],
                  [-41.45903485872489, -16.35837605057922],
                  [-41.44452947237235, -16.363482065848604],
                  [-41.4374055252288, -16.357305417533947],
                  [-41.43877881624442, -16.342151212566694],
                  [-41.44410031892997, -16.34157467068544],
                  [-41.450194297811805, -16.34709293033489]]]),
            {
              "reference": 100,
              "system:index": "55"
            }),
        ee.Feature(
            ee.Geometry.Polygon(
                [[[-41.357652934535274, -16.345194541078065],
                  [-41.35696628902746, -16.34593579516527],
                  [-41.35417679165197, -16.34955966354626],
                  [-41.349241529507694, -16.353059962246167],
                  [-41.34645202968908, -16.34980674303299],
                  [-41.34623745296789, -16.346265240523433],
                  [-41.34778240536047, -16.342064770593318],
                  [-41.355378421290645, -16.340952866378757],
                  [-41.35769584987951, -16.344906274840163]]]),
            {
              "reference": 100,
              "system:index": "56"
            }),
        ee.Feature(
            ee.Geometry.Polygon(
                [[[-41.347268945001495, -16.341413181355907],
                  [-41.34297741057767, -16.348825739133137],
                  [-41.33817089202298, -16.352037760149226],
                  [-41.33310688140286, -16.34973169912736],
                  [-41.331819421075714, -16.34759033236892],
                  [-41.33250606658353, -16.34429587613311],
                  [-41.34189205425459, -16.33853044405288]]]),
            {
              "reference": 100,
              "system:index": "57"
            }),
        ee.Feature(
            ee.Geometry.Polygon(
                [[[-41.334596445734086, -16.33614185807677],
                  [-41.33253650921065, -16.34149554465402],
                  [-41.32781582134444, -16.342648627182346],
                  [-41.326356699640336, -16.338777537487854],
                  [-41.32644253032881, -16.337130242020812],
                  [-41.33305149334151, -16.334576906611545]]]),
            {
              "reference": 100,
              "system:index": "58"
            }),
        ee.Feature(
            ee.Geometry.Polygon(
                [[[-41.347127726251664, -16.36117937691786],
                  [-41.345840265924515, -16.36801472048839],
                  [-41.34197788494307, -16.367850016230012],
                  [-41.3407762553044, -16.363155886414276]]]),
            {
              "reference": 100,
              "system:index": "59"
            }),
        ee.Feature(
            ee.Geometry.Polygon(
                [[[-41.338630488092484, -16.367520607296104],
                  [-41.33897381084639, -16.37155582840584],
                  [-41.3341672922917, -16.373367533176907],
                  [-41.33253650921065, -16.37139112713755],
                  [-41.33279400127608, -16.369249997993464],
                  [-41.33519726055342, -16.367602959581728]]]),
            {
              "reference": 100,
              "system:index": "60"
            }),
        ee.Feature(
            ee.Geometry.Polygon(
                [[[-41.331246039637726, -16.369780856037725],
                  [-41.33169665075223, -16.37373368072384],
                  [-41.32764115072171, -16.3761629811433],
                  [-41.32592453695218, -16.37614239397878],
                  [-41.32474436498563, -16.3747424616912],
                  [-41.32459416128079, -16.372910182187763],
                  [-41.32513060308377, -16.37163375258461],
                  [-41.32742657400052, -16.369698504671536],
                  [-41.32871403432767, -16.368957340811342]]]),
            {
              "reference": 100,
              "system:index": "61"
            }),
        ee.Feature(
            ee.Geometry.Polygon(
                [[[-41.3628573920561, -16.38483105663613],
                  [-41.35729985497724, -16.38448109010671],
                  [-41.357492974026314, -16.379457971853228],
                  [-41.36352257989179, -16.376699319058464],
                  [-41.3644238021208, -16.379993228321165]]]),
            {
              "reference": 100,
              "system:index": "62"
            }),
        ee.Feature(
            ee.Geometry.Polygon(
                [[[-41.370587001346166, -16.384973551387798],
                  [-41.37316192200046, -16.391396350186152],
                  [-41.367840419314916, -16.396089799998755],
                  [-41.36269057800632, -16.39551341751788],
                  [-41.3642355303989, -16.38793794637511],
                  [-41.36818374206882, -16.38530293083575]]]),
            {
              "reference": 100,
              "system:index": "63"
            }),
        ee.Feature(
            ee.Geometry.Polygon(
                [[[-41.38758535994804, -16.403696761470357],
                  [-41.38612623824394, -16.40095903646236],
                  [-41.38711329116142, -16.399703375270487],
                  [-41.38964529647148, -16.399579867174772],
                  [-41.390739637749554, -16.4027087147805]]]),
            {
              "reference": 100,
              "system:index": "64"
            }),
        ee.Feature(
            ee.Geometry.Polygon(
                [[[-41.397477346794965, -16.4049293135989],
                  [-41.39930124892509, -16.407769901899922],
                  [-41.39556761397636, -16.410054692832826],
                  [-41.39292832030571, -16.408531501858736],
                  [-41.393228727715375, -16.406308444981818]]]),
            {
              "reference": 100,
              "system:index": "65"
            }),
        ee.Feature(
            ee.Geometry.Polygon(
                [[[-41.41103859557426, -16.394531350318914],
                  [-41.40983696593559, -16.40078915751668],
                  [-41.40331383361137, -16.395519438510405],
                  [-41.40425797118461, -16.39280218392047]]]),
            {
              "reference": 100,
              "system:index": "66"
            }),
        ee.Feature(
            ee.Geometry.Polygon(
                [[[-41.41902084960258, -16.38102697602857],
                  [-41.41730423583305, -16.387943967601814],
                  [-41.41378517760551, -16.387367561015466],
                  [-41.41181107177055, -16.382838592790026]]]),
            {
              "reference": 100,
              "system:index": "67"
            }),
        ee.Feature(
            ee.Geometry.Polygon(
                [[[-41.35815027781907, -16.2971644934797],
                  [-41.37188318797532, -16.302519246484835],
                  [-41.37394312449876, -16.305979162897586],
                  [-41.37291315623704, -16.30985090165454],
                  [-41.376518045153055, -16.311663178600067],
                  [-41.377033029283915, -16.31569955332376],
                  [-41.37643221446458, -16.318829745806898],
                  [-41.37016657420579, -16.317511776126356],
                  [-41.36965159007493, -16.312239808655864],
                  [-41.35265711375657, -16.309686148373192],
                  [-41.35042551585618, -16.30391969620433],
                  [-41.35600451060716, -16.298400218699964]]]),
            {
              "reference": 100,
              "system:index": "68"
            }),
        ee.Feature(
            ee.Geometry.Polygon(
                [[[-41.382526193346415, -16.30910951079687],
                  [-41.37960794993821, -16.301530687713985],
                  [-41.382526193346415, -16.297658784502875],
                  [-41.386731897081766, -16.2971644934797],
                  [-41.391538415636454, -16.301860207858514],
                  [-41.390765939440165, -16.310839418431524]]]),
            {
              "reference": 100,
              "system:index": "69"
            }),
        ee.Feature(
            ee.Geometry.Polygon(
                [[[-41.40518549510423, -16.28801988470759],
                  [-41.4063871247429, -16.29288058572499],
                  [-41.40063646861497, -16.295681612929922],
                  [-41.39763239451829, -16.291232903966325],
                  [-41.39763239451829, -16.286948866587995],
                  [-41.4023530823845, -16.28769034129383]]]),
            {
              "reference": 100,
              "system:index": "70"
            }),
        ee.Feature(
            ee.Geometry.Polygon(
                [[[-41.35931813718256, -16.353374910012707],
                  [-41.35545575620112, -16.35983992731911],
                  [-41.35403955058822, -16.36060171932311],
                  [-41.350735068334906, -16.35942814916177],
                  [-41.35584206083272, -16.353107265413264]]]),
            {
              "reference": 100,
              "system:index": "71"
            }),
        ee.Feature(
            ee.Geometry.Polygon(
                [[[-41.34837275793213, -16.03813191026915],
                  [-41.34502536108155, -16.03767821480914],
                  [-41.34496098806519, -16.03466730058972],
                  [-41.352793038388675, -16.03046019360369],
                  [-41.35345822622437, -16.03520349412142]]]),
            {
              "reference": 100,
              "system:index": "72"
            }),
        ee.Feature(
            ee.Geometry.Polygon(
                [[[-41.34663468649048, -16.033264941457965],
                  [-41.34219294836182, -16.030253960586762],
                  [-41.3477719431128, -16.02489182729158],
                  [-41.3522565965857, -16.0271191924715],
                  [-41.352084935208744, -16.030439570311596]]]),
            {
              "reference": 100,
              "system:index": "73"
            }),
        ee.Feature(
            ee.Geometry.Polygon(
                [[[-40.96459617553855, -15.990341384381951],
                  [-40.963566207276834, -16.00403753199779],
                  [-40.95318069397117, -16.004285044101895],
                  [-40.95592727600242, -15.988361140812296]]]),
            {
              "reference": 100,
              "system:index": "74"
            }),
        ee.Feature(
            ee.Geometry.Polygon(
                [[[-41.01961364685203, -15.98753603353708],
                  [-41.023733519898904, -16.004285044101895],
                  [-41.02038612304832, -16.006842651218967],
                  [-41.005709075318826, -15.994796860702593],
                  [-41.01257553039695, -15.986380877632435],
                  [-41.01369132934715, -15.982997882674066],
                  [-41.01618041931297, -15.983988033462557]]]),
            {
              "reference": 100,
              "system:index": "75"
            }),
        ee.Feature(
            ee.Geometry.Polygon(
                [[[-41.006739043580545, -16.00841020068334],
                  [-41.006996535645975, -16.013277775851904],
                  [-41.000988387452615, -16.0136902767677],
                  [-41.00055923401023, -16.007667678786547]]]),
            {
              "reference": 100,
              "system:index": "76"
            }),
        ee.Feature(
            ee.Geometry.Polygon(
                [[[-40.96159210144187, -16.027797294915352],
                  [-40.95850219665672, -16.009977737843503],
                  [-40.9783290856948, -16.00989523619448],
                  [-40.97961654602195, -16.029529666969317]]]),
            {
              "reference": 100,
              "system:index": "77"
            }),
        ee.Feature(
            ee.Geometry.Polygon(
                [[[-40.95223655639793, -16.0258174227144],
                  [-40.95163574157859, -16.04371805251176],
                  [-40.93936195312644, -16.041820826898483],
                  [-40.940306090699686, -16.024085018418315]]]),
            {
              "reference": 100,
              "system:index": "78"
            }),
        ee.Feature(
            ee.Geometry.Polygon(
                [[[-40.97479462076949, -15.997518667496642],
                  [-40.97736954142378, -15.993228269008682],
                  [-40.98200439860152, -15.996281061999696],
                  [-40.97917198588179, -16.00057139495282]]]),
            {
              "reference": 100,
              "system:index": "79"
            }),
        ee.Feature(
            ee.Geometry.Polygon(
                [[[-40.950847858684526, -15.991825618759584],
                  [-40.94998955179976, -15.999828843918001],
                  [-40.94380974222945, -15.999993855497552],
                  [-40.943895572917924, -15.993640811326626],
                  [-40.94990372111128, -15.991330563380865]]]),
            {
              "reference": 100,
              "system:index": "80"
            })]);
/**
 * This script makes geographically specific corrections and refinements using
 * imported vector geometries and topographic data to correct specific ecological zones (Sandbank Vegetation)
 * and geological features (Rocky Outcrops).
 * It adds Wooded Sandbank Vegetation and restricts Herbaceous Sandbank Vegetation to coastal areas,
 * and adds Rocky Outcrop, all based on geometry imports in the script.
 * 
 * It loads some datasets to provide geographic context:
 * (a) a Digital Elevation Model (DEM) (ALOS AW3D30), used to derive elevation and slope,
 * (b) a map of coastal soil types, an indicator for a specific types of coastal vegetation,
 * and (c) 3 geometry imports (restinga, ad_restinga, convert22to29) used to delineate areas that require specific classification changes.
 * 
 * The script iterates through every year from 1985 to 2024, remaps Temporary Crop (19)
 * to Other Temporary Crops (41) and Non vegetated area (22) to Other non Vegetated Areas (25),
 * then makes corrections in three classes: Wooded Sandbank Vegetation (49), Herbaceous Sandbank Vegetation (50) and Rocky Outcrop (29).
 * For Wooded Sandbank Vegetation (49), it identifies all pixels that are classified
 * as Forest (3) AND are also located in very low-elevation areas (< 25 meters)
 * WITHIN the specific restinga geometry and changes its value to 49 (Wooded Sandbank Vegetation).
 * For Herbaceous Sandbank Vegetation (50), it creates an image that preserves pixels classified
 * as Herbaceous Sandbank Vegetation (50 ONLY if they fall WITHIN the areas defined by the coastal soils map
 * or the ad_restinga geometry, then creates a new base map where all original instances of class 50 are remapped to 21 (Mosaic of Uses),
 * and blend them retrieving only the class 50 within the limits of the geometry import.
 * And for Rocky Outcrop (29), it identifies pixels inside the convert22to29 geometry that were classified
 * as Other non Vegetated Areas (25) and changes these pixel values from 25 to 29 (Rocky Outcrop).
 * 
 * It uses as input data output data from script 10-10.
 * The output data from this script is used as an input in script 10-30.
 * 
 */

// Define the geometry for the Atlantic Forest region.
var limite_MA = /* color: #d63000 */ee.Geometry.Polygon(
        [[[-48.593359954293625, -30.678347823900353],
          [-47.275000579293625, -25.525376684152373],
          [-40.595313079293625, -23.284530667538736],
          [-33.915625579293625, -6.580343714417967],
          [-35.453711516793625, -4.217995607905081],
          [-44.198828704293625, -17.856203449528717],
          [-50.483008391793625, -17.52126295946964],
          [-55.712500579293625, -21.74193426005608],
          [-55.492774016793625, -29.72888025446976]]]);


//Map.setCenter(-48.41649, -24.23158,13);

// Define the input and output version numbers.
var vesion_in = '74_Sf';
var versao_out = '75_Sf';
// Define the description of the process.
var descricao = 'Adiciona restinga e faz correcoes pontuais';
// Define the collection id.
var col = 10.0; 
// Define input and output prefixes for asset naming.
var prefixo_in  = 'MA_col'+col+'_p10a_v';
var prefixo_out = 'MA_col'+col+'_p10b_v';
// Define output directory for assets.
var dirout = 'projects/mapbiomas-brazil/assets/LAND-COVER/COLLECTION-'+col+'/GENERAL/classification-mat-ft/';

// Load the collection 10 image.
var imgCol =  ee.Image(dirout+prefixo_in+vesion_in);

// Import the palettes module.
var palettes = require('users/mapbiomas/modules:Palettes.js');

// Define visualization parameters.
var vis = {
    'min': 0,
    'max': 69,
    'palette': palettes.get('classification9')
};
var vis2 = {
    'bands': 'classification_2020',
    'min': 0,
    'max': 69,
    'palette': palettes.get('classification9')
};
// Define the visualization parameters for HAND.
var vis_hand = {
    'min': 0,
    'max': 60,
    'palette': 'blue,white,green,orange,red,brown'
};

// Load MapBiomas Collection 9 integrated asset.
var col9 = ee.Image('projects/mapbiomas-public/assets/brazil/lulc/collection9/mapbiomas_collection90_integration_v1');
Map.addLayer(col9, vis2, 'col9');
  
// Add the classification image to the map.
Map.addLayer(imgCol, vis2, 'imgCol');

// Load global terrain data from JAXA's ALOS AW3D30 product.
var terrain = ee.Image("JAXA/ALOS/AW3D30_V1_1").select("AVE");
//Map.addLayer(terrain,{},'relevo',false);

// Calculate the slope from the terrain elevation data.
var slope = ee.Terrain.slope(terrain);
//Map.addLayer(slope,{},'slope',false);

// Create a binary mask for areas with elevation less than 25 meters, clipped by the imported `restinga` geometry.
var plan = terrain.lt(25).clip(restinga).selfMask();

// Load a feature collection representing coastal soils from IBGE data.
var solo_costeiro = ee.FeatureCollection('projects/mapbiomas-workspace/AUXILIAR/RESTINGA/SolosIBGE_SCostMarinhoBR');
    // Set the 'reference' property to 1 for each feature.
    solo_costeiro = solo_costeiro.map(function altera(feat) {return feat.set('reference',1)});
    
    // Merge the coastal soil feature collection with the imported `ad_restinga` feature collection to include Wooded Sandbank areas.
    var vet_corr_rest = solo_costeiro.merge(ad_restinga);

// Convert the merged feature collection (`vet_corr_rest`) into an image.
// This creates a binary image where pixels within the combined
// coastal soil/restinga areas have a value of 1 (from the 'reference' property).
var img_corr_rest = vet_corr_rest.reduceToImage({properties: ['reference'],reducer: ee.Reducer.first()});
Map.addLayer(img_corr_rest, {}, 'img_corr_rest');

// Define the years to process.
var anos = ['1985','1986','1987','1988','1989','1990','1991','1992','1993','1994',
            '1995','1996','1997','1998','1999','2000','2001','2002','2003','2004',
            '2005','2006','2007','2008','2009','2010','2011','2012','2013','2014',
            '2015','2016','2017','2018','2019','2020','2021','2022','2023','2024'];

// Loop through the years and apply corrections.
for (var i_ano=0;i_ano<anos.length; i_ano++){  
  var ano = anos[i_ano]; 
  
  // Select the classification band for the current year from the input image (`imgCol`).
  // Apply an initial remapping to specific classes within this year's band.
  // This changes class 19 (Temporary Crop) to 41 (Other Temporary Crops), 
  // and class 22 (Non vegetated area) to 25 (Other non Vegetated Areas).
  var imgCol_ano = imgCol.select('classification_'+ano).remap([3,4,9,11,12,50,19,21,22,29,33,49],
                                                              [3,4,9,11,12,50,41,21,25,29,33,49]).rename('classification_'+ano);
  
//var mask_sav = imgCol_integracao.select('classification_'+ano).eq(21).clip(converter21para4).remap([1],[4]).rename('classification_'+ano);

  // Create corrections specifically for Restinga vegetation (Wooded and Herbaceous).

  // Identify areas classified as original Forest Formation (3) AND in the low-elevation mask (`plan`).
  // Clip the result to the 'restinga' geometry, then remap these pixels from 3 to 49 (Wooded Sandbank Vegetation).
  var restinga_abor = imgCol_ano.mask(imgCol_ano.eq(3).and(plan.eq(1))).remap([3],[49]).rename('classification_'+ano);
  // Identify areas classified as Herbaceous Sandbank Vegetation (50) AND within the rasterized coastal soil/additional restinga mask (`img_corr_rest`).
  // This mask retains original class 50 where it overlaps with coastal/restinga criteria.
  var restinga_herb = imgCol_ano.mask(imgCol_ano.eq(50).and(img_corr_rest.eq(1))).rename('classification_'+ano);

  // Re-select the classification band for the current year from `imgCol`.
  // Apply a SECOND remapping.
  // Class 50 (Herbaceous Sandbank Veg) is remapped to 21 (Mosaic of Uses).
  // Class 22 (Non vegetated area) still remapped to 25 (Other non Vegetated Areas).
  // Class 19 (Temporary Crop) still remapped to 41 (Other Temporary Crops).
  imgCol_ano = imgCol.select('classification_'+ano).remap([3,4,9,11,12,50,19,21,22,29,33,49],
                                                          [3,4,9,11,12,21,41,21,25,29,33,49]).rename('classification_'+ano);

  // Load the `convert22to29` geometry. Assumes `convert22to29` is an imported geometry defining areas for 22 to 29 correction.
  // Rasterize the `convert22to29` geometry to an image, using the 'reference' property (value = 100).
  var img_corr_aflora = convert22to29.reduceToImage({properties: ['reference'],reducer: ee.Reducer.first()});
  // Create a correction image for 'Rocky Outcrop' (class 29).
  // It adds `imgCol_ano` (the classification band *after* the second remapping,
  // where 22->25) to `img_corr_aflora` (which has value 100 in the polygon).
  // It then checks where this sum is exactly 125. If true (1), it remaps that pixel to 29 (Rocky Outcrop).
  var corrige_aflora = imgCol_ano.add(img_corr_aflora).eq(125).remap([ 1],[29]).clip(convert22to29);

  // Blend the original classification with the corrected classifications.
  var class_out = imgCol_ano.blend(restinga_abor)   // Blend with wooded restinga correction.
                            .blend(restinga_herb)   // Blend the result with herbaceous restinga correction.
                            .blend(corrige_aflora); // Blend the result with rocky outcrop correction.
                            //.blend(mask_sav);

  // Combine the corrected classifications for all years.
  if (i_ano == 0){ var class_outTotal = class_out; }  
  else {class_outTotal = class_outTotal.addBands(class_out); }
}

// Add the final classification image to the map.
Map.addLayer(class_outTotal, vis2, 'imgCol Final');
Map.addLayer(plan,{'palette': 'yellow'},'plan',false);
//Map.addLayer(class_out2, vis, 'class_out2');

// Define the final classification image.
var image = class_outTotal;

// Define the years to process.
var years = [
    1985, 1986, 1987, 1988, 1989, 1990, 1991, 1992, 1993, 1994,
    1995, 1996, 1997, 1998, 1999, 2000, 2001, 2002, 2003, 2004,
    2005, 2006, 2007, 2008, 2009, 2010, 2011, 2012, 2013, 2014,
    2015, 2016, 2017, 2018, 2019, 2020, 2021, 2022, 2023, 2024];

// Create a list of band names.
var bandNames = ee.List(
    years.map(
        function (year) {
            return 'classification_' + String(year);
        }
    )
);

// Generate a histogram dictionary of band names and image band names.
var bandsOccurrence = ee.Dictionary(
    bandNames.cat(image.bandNames()).reduce(ee.Reducer.frequencyHistogram())
);

print(bandsOccurrence);

// Create a dictionary of bands with masked bands.
// Create a dictionary where keys are band names and values are Image objects.
// This is a step towards ensuring all expected bands are present and in the correct order.
var bandsDictionary = bandsOccurrence.map(
    function (key, value) { // For each key-value pair (band name and its occurrence count):
        // If count is 2, select that band from the constructed `image`.
        // If count is 1, create a dummy masked band with the correct name and type.
        return ee.Image(
            ee.Algorithms.If(
                ee.Number(value).eq(2),
                // If the band occurs twice, select the band from the original image.
                image.select([key]).byte(),
                // If the band occurs once, create a masked band.
                ee.Image().rename([key]).byte().updateMask(image.select(0))
            )
        );
    }
);

// Convert the dictionary to an single multi-band image.
var imageAllBands = ee.Image(
    bandNames.iterate(
        function (band, image) {
            // Add the band from the dictionary to the image
            return ee.Image(image).addBands(bandsDictionary.get(ee.String(band))); // Add the band retrieved from the dictionary to the current image.
        },
        // Initialize the image with an empty selection.
        ee.Image().select()
    )
);

// Generate an image where each pixel's value is the year it represents.
var imagePixelYear = ee.Image.constant(years)
    .updateMask(imageAllBands)
    .rename(bandNames);
        
// Add connected pixels count bands to the final multi-band classification image.
// For each classification band ('classification_YYYY'), a new band 'classification_YYYY_conn' is created
// indicating the number of connected pixels with the same class value for each pixel.
var imageFilledConnected = image.addBands(
    image
        .connectedPixelCount(100, true)
        .rename(bandNames.map(
            function (band) {
                return ee.String(band).cat('_conn');
            }
        ))
);

print(imageFilledConnected);

// Set the metadata for the final classification image.
imageFilledConnected = imageFilledConnected
.set('territory', 'BRAZIL')
.set('biome', 'MATAATLANTICA')
.set('source', 'arcplan')
.set('version', versao_out)
.set('year', versao_out)
.set('collection_id', col)
.set('description', descricao);

// Export the final classification image to an asset.
Export.image.toAsset({
    "image": imageFilledConnected.toInt8(),
    'description': prefixo_out+versao_out,
    'assetId': dirout+prefixo_out+versao_out,
    "scale": 30,
    "pyramidingPolicy": {
        '.default': 'mode'
    },
    "maxPixels": 1e13,
    "region": limite_MA
});
